"","Order","Family","Genus","Species_reported","Growth_form","Distribution","Microhabitat","Dispersal_period","Dispersal_syndrome","Embryoless","Viable","Dry_mass","Water_content","Dormancy","Species_acceptedLCVP"
"1","Poales","Xyridaceae","Xyris","Xyris cipoensis","Herb","Restricted","Mesic","ED","Autochory",NA,NA,0.01,14.3,"ND","Xyris_cipoensis"
"2","Poales","Xyridaceae","Xyris","Xyris longiscapa","Herb","Restricted","Mesic","ED","Autochory",NA,NA,0.0019,12.7,"ND","Xyris_longiscapa"
"3","Poales","Xyridaceae","Xyris","Xyris platystachya","Herb","Widespread","Mesic","LD","Autochory",NA,NA,0.0075,14.2,"ND","Xyris_platystachya"
"4","Poales","Xyridaceae","Xyris","Xyris trachyphylla","Herb","Widespread","Mesic","LD","Autochory",NA,NA,0.0031,11.5,"ND","Xyris_trachyphylla"
"5","Liliales","Alstroemeriaceae","Alstroemeria","Alstroemeria isabelleana","Herb","Widespread","Xeric","LR","Autochory",NA,83.8,30.5,NA,"ND","Alstroemeria_isabellana"
"6","Asparagales","Amaryllidaceae","Hippeastrum","Hippeastrum morelianum","Herb","Restricted","Xeric",NA,"Autochory",NA,100,7.7,NA,"ND","Hippeastrum_morelianum"
"7","Apiales","Apiaceae","Eryngium","Eryngium glaziovianum","Herb","Restricted","Xeric",NA,"Autochory",NA,75,2.54,NA,"ND","Eryngium_glaziouvianum"
"8","Asterales","Asteraceae","Austrocritonia","Austrocritonia velutina","Shrub","Widespread","Xeric","ED","Anemochory",NA,60,0.27,NA,"D","Austrocritonia_velutina"
"9","Asterales","Asteraceae","Baccharis","Baccharis maxima","Shrub","Restricted","Xeric",NA,"Anemochory",NA,95,0.98,NA,"ND","Baccharis_maxima"
"10","Asterales","Asteraceae","Baccharis","Baccharis semiserrata","Shrub","Widespread","Xeric","LD","Anemochory",NA,87.5,0.06,NA,"D","Baccharis_semiserrata"
"11","Asterales","Asteraceae","Graphistylis","Graphistylis argyrotricha","Herb","Restricted","Xeric","ED","Anemochory",NA,97.5,0.99,NA,"ND","Graphistylis_argyrotricha"
"12","Asterales","Asteraceae","Graphistylis","Graphistylis dichroa","Herb","Restricted","Xeric","LD","Anemochory",NA,85,1.06,NA,"ND","Graphistylis_dichroa"
"13","Asterales","Asteraceae","Pentacalia","Pentacalia desiderabilis","Liana","Widespread","Xeric","ER","Anemochory",NA,95,0.17,NA,"ND","Pentacalia_desiderabilis"
"14","Asterales","Asteraceae","Senecio","Senecio adamantinus","Shrub","Widespread","Xeric","ED","Anemochory",NA,90,0.5,NA,"ND","Senecio_adamantinus"
"15","Asterales","Asteraceae","Senecio","Senecio brasiliensis","Shrub","Widespread","Xeric","ER","Anemochory",NA,90,0.37,NA,"ND","Senecio_brasiliensis"
"16","Asterales","Asteraceae","Senecio","Senecio oleosus","Herb","Restricted","Xeric",NA,"Anemochory",NA,75,0.88,NA,"D","Senecio_oleosus"
"17","Asterales","Asteraceae","Trixis","Trixis glaziovii","Herb","Widespread","Xeric",NA,"Anemochory",NA,70,1.12,NA,"ND","Trixis_glaziouvii"
"18","Asterales","Asteraceae","Verbesina","Verbesina glabrata","Shrub","Widespread","Xeric",NA,"Anemochory",NA,65,0.76,NA,"D","Verbesina_glabrata"
"19","Cucurbitales","Begoniaceae","Begonia","Begonia occhionii","Shrub","Widespread","Xeric",NA,"Autochory",NA,70,0.001,NA,"ND","Begonia_occhionii"
"20","Ranunculales","Berberidaceae","Berberis","Berberis campos-portoi","Shrub","Widespread","Xeric",NA,"Zoochory",NA,91.2,15.5,NA,"D","Berberis_camposportoi"
"21","Poales","Bromeliaceae","Vriesea","Vriesea bituminosa","Herb","Widespread","Xeric",NA,"Anemochory",NA,100,0.98,NA,"ND","Vriesea_bituminosa"
"22","Poales","Bromeliaceae","Vriesea","Vriesea itatiaiae","Herb","Widespread","Xeric",NA,"Anemochory",NA,93.8,0.99,NA,"ND","Vriesea_itatiaiae"
"23","Celastrales","Celastraceae","Maytenus","Maytenus boaria","Tree","Widespread","Xeric",NA,"Zoochory",NA,72.5,14.9,NA,"D","Maytenus_boaria"
"24","Ericales","Clethraceae","Clethra","Clethra scabra var. laevigata","Shrub","Widespread","Xeric",NA,"Autochory",NA,80,0.29,NA,"ND","Clethra_scabra"
"25","Poales","Cyperaceae","Carex","Carex brasiliensis","Herb","Widespread","Mesic/Xeric",NA,"Autochory",NA,95,0.48,NA,"D","Carex_brasiliensis"
"26","Ericales","Ericaceae","Agarista","Agarista hispidula","Shrub","Restricted","Xeric",NA,"Autochory",NA,75,0.1,NA,"ND","Agarista_hispidula"
"27","Ericales","Ericaceae","Gaultheria","Gaultheria serrata","Shrub","Restricted","Xeric",NA,"Zoochory",NA,75,0.04,NA,"ND","Gaultheria_serrata"
"28","Poales","Eriocaulaceae","Eriocaulon","Eriocaulon majusculum","Herb","Restricted","Mesic","ER","Autochory",NA,70,0.17,NA,"D","Eriocaulon_majusculum"
"29","Poales","Eriocaulaceae","Paepalanthus","Paepalanthus itatiaiensis","Herb","Restricted","Xeric","ER","Anemochory",NA,70,0.17,NA,"D","Paepalanthus_itatiaiensis"
"30","Escalloniales","Escalloniaceae","Escallonia","Escallonia bifida","Shrub","Widespread","Xeric","ER","Anemochory",NA,70,0.005,NA,"D","Escallonia_bifida"
"31","Fabales","Fabaceae","Lupinus","Lupinus gibertianus","Herb","Widespread","Xeric",NA,"Autochory",NA,80,15.9,NA,"D","Lupinus_gibertianus"
"32","Fabales","Fabaceae","Senna","Senna itatiaiae","Shrub","Widespread","Xeric","ED","Autochory",NA,76.2,34.2,NA,"D","Senna_itatiaiae"
"33","Asparagales","Iridaceae","Gelasine","Gelasine coerulea","Herb","Widespread","Xeric",NA,"Autochory",NA,81.3,2.55,NA,"ND","Gelasine_caerulea"
"34","Asparagales","Iridaceae","Sisyrinchium","Sisyrinchium marginatum","Herb","Widespread","Xeric",NA,"Autochory",NA,82.5,1.61,NA,"D","Sisyrinchium_palmifolium"
"35","Asparagales","Iridaceae","Sisyrinchium","Sisyrinchium wettsteinii","Herb","Widespread","Mesic/Xeric",NA,"Autochory",NA,86.3,3.65,NA,"D","Sisyrinchium_wettsteinii"
"36","Lamiales","Lamiaceae","Lepechinia","Lepechinia speciosa","Shrub","Restricted","Xeric","ED",NA,NA,90,3.98,NA,"D","Lepechinia_speciosa"
"37","Myrtales","Melastomataceae","Leandra","Leandra quinquedentata","Shrub","Widespread","Xeric",NA,"Zoochory",NA,86.2,0.25,NA,"D","Miconia_quinquedentata"
"38","Myrtales","Melastomataceae","Pleroma","Pleroma echinatum","Shrub","Widespread","Xeric","LD","Autochory",NA,86.3,0.02,NA,"ND","Pleroma_echinatum"
"39","Myrtales","Melastomataceae","Pleroma","Pleroma foveolatum","Shrub","Widespread","Xeric","LR","Autochory",NA,70,0.04,NA,"D","Pleroma_foveolatum"
"40","Myrtales","Melastomataceae","Pleroma","Pleroma hospitum","Shrub","Widespread","Xeric",NA,"Autochory",NA,65,0.04,NA,"ND","Pleroma_hospitum"
"41","Myrtales","Melastomataceae","Pleroma","Tibouchina itatiaiae","Shrub","Widespread","Xeric",NA,"Autochory",NA,80,0.04,NA,"D","Pleroma_itatiaiae"
"42","Lamiales","Orobanchaceae","Esterhazya","Esterhazya eitenorum","Shrub","Widespread","Xeric",NA,"Autochory",NA,76.3,0.11,NA,"ND","Esterhazya_eitenorum"
"43","Lamiales","Plantaginaceae","Plantago","Plantago australis","Herb","Widespread","Xeric","ED","Autochory",NA,86.3,1.07,NA,"ND","Plantago_australis"
"44","Ericales","Primulaceae","Myrsine","Myrsine gardneriana","Shrub","Widespread","Xeric","ER","Zoochory",NA,95,8.72,NA,"D","Myrsine_gardneriana"
"45","Proteales","Proteaceae","Roupala","Roupala montana","Shrub","Widespread","Xeric",NA,"Anemochory",NA,98.8,8.9,NA,"ND","Roupala_montana"
"46","Gentianales","Rubiaceae","Coccocypselum","Coccocypselum condalia","Herb","Widespread","Xeric",NA,"Zoochory",NA,70,0.5,NA,"D","Coccocypselum_condalia"
"47","Gentianales","Rubiaceae","Galium","Galium hypocarpium","Herb","Widespread","Xeric",NA,"Zoochory",NA,90,0.85,NA,"D","Galium_hypocarpium"
"48","Lamiales","Scrophulariaceae","Buddleja","Buddleja speciosissima","Shrub","Restricted","Xeric",NA,"Autochory",NA,85,0.3,NA,"ND","Buddleja_speciosissima"
"49","Pandanales","Velloziaceae","Barbacenia","Barbacenia gounelleana","Herb","Restricted","Xeric","LD","Autochory",NA,85,0.13,NA,"D","Barbacenia_gounelleana"
"50","Canellales","Winteraceae","Drimys","Drimys brasiliensis","Tree","Widespread","Xeric",NA,"Zoochory",NA,91.2,3.69,NA,"D","Drimys_brasiliensis"
"51","Poales","Xyridaceae","Xyris","Xyris stenophylla","Herb","Widespread","Mesic/Xeric",NA,"Autochory",NA,91.2,0.17,NA,"ND","Xyris_stenophylla"
"52","Caryophyllales","Cactaceae","Discocactus","Discocactus placentiformis","Succulent","Restricted","Xeric",NA,"Zoochory",NA,NA,NA,NA,"NC","Discocactus_placentiformis"
"53","Caryophyllales","Cactaceae","Discocactus","Discocactus pseudoinsignis","Succulent","Restricted","Xeric",NA,"Zoochory",NA,NA,NA,NA,"NC","Discocactus_pseudoinsignis"
"54","Lamiales","Verbenaceae","Stachytarpheta","Stachytarpheta ajugifolia","Shrub","Restricted","Xeric","LD","Autochory",NA,59.35,3.11,12.1,"D","Stachytarpheta_ajugifolia"
"55","Lamiales","Verbenaceae","Stachytarpheta","Stachytarpheta cayennensis",NA,"Widespread","Mesic/Xeric","LR","Autochory",NA,78.82,0.99,11.7,"ND","Stachytarpheta_cayennensis"
"56","Lamiales","Verbenaceae","Stachytarpheta","Stachytarpheta spathulata","Shrub","Restricted","Xeric","LD","Autochory",NA,27.53,1.35,12.3,"D","Stachytarpheta_chascanoides"
"57","Lamiales","Verbenaceae","Stachytarpheta","Stachytarpheta commutata","Shrub","Restricted","Xeric","LD","Autochory",NA,32.04,1.63,14.9,"D","Stachytarpheta_commutata"
"58","Lamiales","Verbenaceae","Stachytarpheta","Stachytarpheta confertifolia","Herb","Restricted","Xeric","LR","Autochory",NA,75.91,2.24,12.5,"D","Stachytarpheta_confertifolia"
"59","Lamiales","Verbenaceae","Stachytarpheta","Stachytarpheta discolor","Shrub","Restricted","Xeric","LD","Autochory",NA,27.96,2.09,11.7,"D","Stachytarpheta_discolor"
"60","Lamiales","Verbenaceae","Stachytarpheta","Stachytarpheta glabra","Shrub","Restricted","Xeric","LD","Autochory",NA,15.91,2.45,12.5,"D","Stachytarpheta_glabra"
"61","Lamiales","Verbenaceae","Stachytarpheta","Stachytarpheta harleyi","Shrub","Restricted","Xeric","LD","Autochory",NA,6.67,1.55,9.5,"NC","Stachytarpheta_harleyi"
"62","Lamiales","Verbenaceae","Stachytarpheta","Stachytarpheta martiana","Shrub","Widespread","Xeric","LD","Autochory",NA,14.62,11.4,10.9,"D","Stachytarpheta_martiana"
"63","Lamiales","Verbenaceae","Stachytarpheta","Stachytarpheta mexiae","Shrub","Widespread","Mesic/Xeric",NA,"Autochory",NA,14.84,1.7,14.9,"D","Stachytarpheta_mexiae"
"64","Lamiales","Verbenaceae","Stachytarpheta","Stachytarpheta reticulata","Shrub","Widespread","Mesic/Xeric","LD","Autochory",NA,68.17,2.95,11,"ND","Stachytarpheta_reticulata"
"65","Lamiales","Verbenaceae","Stachytarpheta","Stachytarpheta sellowiana","Shrub","Restricted","Xeric","LR","Autochory",NA,66.45,3.2,10.1,"D","Stachytarpheta_sellowiana"
"66","Poales","Eriocaulaceae","Syngonanthus","Syngonanthus verticillatus","Herb","Widespread","Xeric","ER","Anemochory",NA,NA,NA,NA,"ND","Syngonanthus_verticillatus"
"67","Pandanales","Velloziaceae","Barbacenia","Barbacenia flava",NA,"Restricted","Xeric","LR","Autochory",NA,NA,1.21,NA,"ND","Barbacenia_flava"
"68","Pandanales","Velloziaceae","Barbacenia","Barbacenia markgrafii",NA,"Restricted","Xeric","LR","Autochory",NA,NA,0.18,NA,"ND","Barbacenia_markgrafii"
"69","Pandanales","Velloziaceae","Barbacenia","Barbacenia purpurea","Herb","Restricted","Xeric","LR","Autochory",NA,NA,0.2,NA,"ND","Barbacenia_purpurea"
"70","Pandanales","Velloziaceae","Barbacenia","Barbacenia williamsii","Herb","Restricted","Xeric","LR","Autochory",NA,NA,0.13,NA,"ND","Barbacenia_williamsii"
"71","Pandanales","Velloziaceae","Vellozia","Vellozia alata","Shrub","Restricted","Xeric","LR","Autochory",NA,NA,3.76,NA,"ND","Vellozia_alata"
"72","Pandanales","Velloziaceae","Vellozia","Vellozia compacta","Shrub","Restricted","Xeric","LR","Autochory",NA,NA,0.2,NA,"ND","Vellozia_compacta"
"73","Pandanales","Velloziaceae","Vellozia","Vellozia glochidea","Shrub","Widespread","Xeric","LR","Autochory",NA,NA,1.24,NA,"ND","Vellozia_glochidea"
"74","Pandanales","Velloziaceae","Vellozia","Vellozia plicata","Shrub","Widespread","Xeric","LR","Autochory",NA,NA,0.15,NA,"ND","Nanuza_plicata"
"75","Myrtales","Melastomataceae","Pleroma","Tibouchina heteromalla","Shrub","Widespread","Xeric",NA,"Autochory",NA,NA,NA,10,"ND","Pleroma_heteromallum"
"76","Poales","Eriocaulaceae","Comanthera","Comanthera mucugensis","Herb","Restricted","Xeric","LD","Anemochory",NA,NA,NA,NA,"ND","Comanthera_mucugensis"
"77","Rosales","Urticaceae","Cecropia","Cecropia pachystachya","Tree","Widespread","Mesic","LD","Zoochory",NA,NA,NA,NA,"ND","Cecropia_pachystachya"
"78","Caryophyllales","Cactaceae","Arthrocereus","Arthrocereus glaziovii","Succulent","Restricted","Xeric","LR","Zoochory",NA,NA,0.47,23.7,"ND","Echinopsis_glaziovii"
"79","Caryophyllales","Cactaceae","Arthrocereus","Arthrocereus melanurus subsp. magnus","Succulent","Restricted","Xeric","LR","Zoochory",NA,NA,0.65,14.1,"ND","Arthrocereus_melanurus"
"80","Caryophyllales","Cactaceae","Arthrocereus","Arthrocereus melanurus subsp. melanurus","Succulent","Restricted","Xeric","LR","Zoochory",NA,NA,0.52,17.1,"ND","Arthrocereus_melanurus"
"81","Caryophyllales","Cactaceae","Arthrocereus","Arthrocereus melanurus subsp. odorus","Succulent","Restricted","Xeric","LR","Zoochory",NA,NA,0.94,16.6,"ND","Arthrocereus_melanurus"
"82","Poales","Eriocaulaceae","Comanthera","Comanthera brasiliana","Herb","Restricted","Xeric","ED","Anemochory",NA,NA,NA,NA,"ND","Comanthera_brasiliana"
"83","Poales","Eriocaulaceae","Comanthera","Comanthera brunnea","Herb","Restricted","Xeric","ED","Anemochory",NA,NA,NA,NA,"ND","Comanthera_brunnea"
"84","Poales","Eriocaulaceae","Comanthera","Comanthera linearis","Herb","Widespread","Xeric","ED","Anemochory",NA,NA,NA,NA,"ND","Comanthera_linearis"
"85","Poales","Eriocaulaceae","Comanthera","Comanthera magnifica","Herb","Restricted","Xeric","ER","Anemochory",NA,NA,NA,NA,"ND","Comanthera_magnifica"
"86","Poales","Eriocaulaceae","Comanthera","Comanthera suberosa","Herb","Restricted","Xeric","ED","Anemochory",NA,NA,NA,NA,"ND","Comanthera_suberosa"
"87","Fabales","Fabaceae","Chamaecrista","Chamaecrista desvauxii var. latistipula","Shrub","Widespread","Mesic",NA,"Autochory",NA,NA,NA,NA,"D","Chamaecrista_desvauxii"
"88","Fabales","Fabaceae","Chamaecrista","Chamaecrista desvauxii var. graminea","Shrub","Widespread","Mesic",NA,"Autochory",NA,NA,NA,NA,"D","Chamaecrista_desvauxii"
"89","Fabales","Fabaceae","Chamaecrista","Chamaecrista blanchetii","Shrub","Widespread","Mesic/Xeric",NA,"Autochory",NA,NA,NA,NA,"D","Chamaecrista_blanchetii"
"90","Fabales","Fabaceae","Chamaecrista","Chamaecrista chapadae","Shrub","Restricted","Mesic",NA,"Autochory",NA,NA,NA,NA,"D","Chamaecrista_chapadae"
"91","Fabales","Fabaceae","Chamaecrista","Chamaecrista confertiformis",NA,"Restricted","Mesic",NA,"Autochory",NA,NA,NA,NA,"D","Chamaecrista_confertiformis"
"92","Fabales","Fabaceae","Chamaecrista","Chamaecrista glaucofilix","Shrub","Restricted","Xeric",NA,"Autochory",NA,NA,NA,NA,"D","Chamaecrista_glaucofilix"
"93","Fabales","Fabaceae","Chamaecrista","Chamaecrista desvauxii var. latistipula","Shrub","Widespread","Mesic",NA,"Autochory",NA,NA,NA,NA,"D","Chamaecrista_desvauxii"
"94","Fabales","Fabaceae","Chamaecrista","Chamaecrista desvauxii var. graminea","Shrub","Widespread","Mesic",NA,"Autochory",NA,NA,NA,NA,"D","Chamaecrista_desvauxii"
"95","Fabales","Fabaceae","Chamaecrista","Chamaecrista rotundifolia var. grandiflora","Shrub","Widespread","Mesic",NA,"Autochory",NA,NA,NA,NA,"D","Chamaecrista_rotundifolia"
"96","Fabales","Fabaceae","Mimosa","Mimosa calodendron","Shrub","Restricted","Xeric",NA,"Autochory",NA,NA,NA,NA,"D","Mimosa_calodendron"
"97","Apiales","Apiaceae","Eryngium","Eryngium horridum","Herb","Widespread","Xeric","LR","Autochory",6.8,33.4,NA,NA,"ND","Eryngium_horridum"
"98","Asterales","Asteraceae","Heterocondylus","Heterocondylus pumilus","Shrub","Widespread","Xeric","LD","Anemochory",47,47.3,NA,NA,"ND","Heterocondylus_pumilus"
"99","Asterales","Asteraceae","Lepidaploa","Lepidaploa rufogrisea","Shrub","Restricted","Xeric","ED","Anemochory",51.3,47.85,NA,NA,"ND","Lepidaploa_rufogrisea"
"100","Asterales","Asteraceae","Mikania","Mikania itambana","Shrub","Restricted","Xeric","LD","Anemochory",11.35,71.63,NA,NA,"ND","Mikania_itambana"
"101","Poales","Bromeliaceae","Vriesea","Vriesea atropurpurea","Herb","Restricted","Xeric","ED","Anemochory",41.4,47.7,NA,NA,"ND","Vriesea_atropurpurea"
"102","Caryophyllales","Cactaceae","Cipocereus","Cipocereus minensis","Succulent","Restricted","Xeric","LD","Zoochory",28.2,23.5,NA,NA,"ND","Cipocereus_minensis"
"103","Caryophyllales","Cactaceae","Pilosocereus","Pilosocereus aurisetus","Succulent","Restricted","Xeric","ED","Zoochory",0,97.3,NA,NA,"ND","Pilosocereus_aurisetus"
"104","Dilleniales","Dilleniaceae","Davilla","Davilla grandiflora","Shrub","Widespread","Xeric","LR","Zoochory",0,100,NA,NA,"D","Davilla_grandiflora"
"105","Ericales","Ericaceae","Agarista","Agarista virgata","Shrub","Restricted","Xeric","ED","Autochory",83.1,14.9,NA,NA,"ND","Agarista_virgata"
"106","Ericales","Ericaceae","Gaylussacia","Gaylussacia montana","Shrub","Restricted","Xeric","ED","Zoochory",79.6,11.8,NA,NA,"D","Gaylussacia_montana"
"107","Ericales","Ericaceae","Gaylussacia","Gaylussacia reticulata","Shrub","Restricted","Xeric","ED","Zoochory",91.4,2,NA,NA,"NC","Gaylussacia_reticulata"
"108","Fabales","Fabaceae","Mimosa","Mimosa macedoana","Shrub","Restricted","Xeric","LR","Autochory",0,96.9,NA,NA,"D","Mimosa_macedoana"
"109","Gentianales","Gentianaceae","Calolisianthus","Calolisianthus pedunculatus","Herb","Widespread","Xeric","ED","Autochory",2.3,96.4,NA,NA,"ND","Calolisianthus_pedunculatus"
"110","Asparagales","Iridaceae","Pseudotrimezia","Trimezia juncifolia","Herb","Widespread","Xeric","LD","Autochory",0,100,NA,NA,"ND","Pseudotrimezia_juncifolia"
"111","Myrtales","Melastomataceae","Cambessedesia","Cambessedesia corymbosa","Shrub","Widespread","Xeric","ED","Autochory",19.3,44,NA,NA,"ND","Cambessedesia_corymbosa"
"112","Malpighiales","Ochnaceae","Luxemburgia","Luxemburgia ciliatibracteata","Shrub","Restricted","Xeric","LD","Autochory",30.7,67,NA,NA,"ND","Luxemburgia_ciliatibracteata"
"113","Malpighiales","Ochnaceae","Luxemburgia","Luxemburgia damazioana","Shrub","Restricted","Xeric","ED","Autochory",12.2,75.6,NA,NA,"ND","Luxemburgia_damazioana"
"114","Lamiales","Orobanchaceae","Esterhazya","Esterhazya splendida","Shrub","Widespread","Xeric","ER","Autochory",46,54,NA,NA,"ND","Esterhazya_splendida"
"115","Lamiales","Orobanchaceae","Physocalyx","Physocalyx major","Shrub","Restricted","Xeric","LD","Autochory",53.7,46,NA,NA,"ND","Physocalyx_major"
"116","Fabales","Polygalaceae","Polygala","Polygala paniculata","Herb","Widespread","Xeric","ED","Autochory",8.7,90.9,NA,NA,"D","Polygala_paniculata"
"117","Gentianales","Rubiaceae","Declieuxia","Declieuxia fruticosa","Shrub","Widespread","Xeric","ED","Zoochory",12.7,46.8,NA,NA,"ND","Declieuxia_fruticosa"
"118","Gentianales","Rubiaceae","Palicourea","Palicourea rigida","Shrub","Widespread","Xeric","LR","Zoochory",23.1,61.5,NA,NA,"D","Palicourea_rigida"
"119","Pandanales","Velloziaceae","Vellozia","Vellozia compacta","Shrub","Restricted","Xeric","ED","Autochory",10.2,85.4,NA,NA,"ND","Vellozia_compacta"
"120","Pandanales","Velloziaceae","Vellozia","Vellozia nanuzae","Shrub","Restricted","Xeric","LD","Autochory",5.4,89.2,NA,NA,"D","Vellozia_nanuzae"
"121","Myrtales","Vochysiaceae","Vochysia","Vochysia pygmaea","Shrub","Widespread","Xeric","LD","Anemochory",2.1,97.9,NA,NA,"ND","Vochysia_pygmaea"
"122","Myrtales","Vochysiaceae","Vochysia","Vochysia thyrsoidea","Tree","Widespread","Xeric","LD","Anemochory",2.7,97.3,NA,NA,"ND","Vochysia_thyrsoidea"
"123","Poales","Bromeliaceae","Tillandsia","Tillandsia gardneri","Herb","Widespread","Mesic/Xeric","LR","Anemochory",NA,NA,NA,NA,"ND","Tillandsia_gardneri"
"124","Poales","Bromeliaceae","Vriesea","Vriesea bituminosa","Herb","Widespread","Mesic/Xeric","LR","Anemochory",NA,NA,NA,NA,"ND","Vriesea_bituminosa"
"125","Poales","Bromeliaceae","Vriesea","Vriesea friburgensis","Herb","Widespread","Mesic","LD","Anemochory",NA,NA,NA,NA,"ND","Vriesea_friburgensis"
"126","Poales","Eriocaulaceae","Comanthera","Comanthera bisulcata","Herb","Widespread","Mesic","LD","Anemochory",NA,91,NA,NA,"ND","Comanthera_bisulcata"
"127","Poales","Eriocaulaceae","Syngonanthus","Syngonanthus verticillatus","Herb","Widespread","Mesic","LD","Anemochory",NA,92.6,NA,NA,"ND","Syngonanthus_verticillatus"
"128","Asterales","Asteraceae","Eremanthus","Eremanthus erythropappus","Tree","Widespread","Xeric",NA,"Anemochory",77.3,NA,NA,NA,"ND","Eremanthus_erythropappus"
"129","Asterales","Asteraceae","Eremanthus","Eremanthus erythropappus","Tree","Widespread","Xeric",NA,"Anemochory",83.3,NA,NA,NA,"ND","Eremanthus_erythropappus"
"130","Asterales","Asteraceae","Eremanthus","Eremanthus erythropappus","Tree","Widespread","Xeric",NA,"Anemochory",89.2,NA,NA,NA,"NC","Eremanthus_erythropappus"
"131","Asterales","Asteraceae","Eremanthus","Eremanthus erythropappus","Tree","Widespread","Xeric",NA,"Anemochory",88.2,NA,NA,NA,"NC","Eremanthus_erythropappus"
"132","Asterales","Asteraceae","Eremanthus","Eremanthus erythropappus","Tree","Widespread","Xeric",NA,"Anemochory",82.8,NA,NA,NA,"ND","Eremanthus_erythropappus"
"133","Asterales","Asteraceae","Lychnophora","Lychnophora ericoides","Tree","Restricted","Xeric",NA,"Autochory",NA,NA,NA,NA,"D","Lychnophora_ericoides"
"134","Poales","Poaceae","Echinolaena","Echinolaena inflexa","Herb","Widespread","Mesic/Xeric",NA,"Autochory",NA,NA,NA,NA,"D","Echinolaena_inflexa"
"135","Poales","Poaceae","Homolepis","Homolepis longispicula","Herb","Widespread","Mesic/Xeric",NA,"Anemochory",NA,NA,NA,NA,"D","Homolepis_longispicula"
"136","Pandanales","Velloziaceae","Vellozia","Vellozia caruncularis",NA,"Restricted","Xeric",NA,"Autochory",NA,NA,NA,NA,"ND","Vellozia_caruncularis"
"137","Pandanales","Velloziaceae","Vellozia","Vellozia epidendroides",NA,"Restricted","Mesic/Xeric",NA,"Autochory",NA,NA,NA,NA,"ND","Vellozia_epidendroides"
"138","Pandanales","Velloziaceae","Vellozia","Vellozia nanuzae","Shrub","Restricted","Xeric",NA,"Autochory",NA,NA,NA,NA,"ND","Vellozia_nanuzae"
"139","Pandanales","Velloziaceae","Vellozia","Vellozia resinosa","Shrub","Restricted","Xeric",NA,"Autochory",NA,NA,NA,NA,"ND","Vellozia_resinosa"
"140","Pandanales","Velloziaceae","Vellozia","Vellozia variabilis","Shrub","Widespread","Xeric",NA,"Autochory",NA,NA,NA,NA,"ND","Vellozia_alutacea"
"141","Poales","Xyridaceae","Xyris","Xyris pilosa","Herb","Restricted","Mesic",NA,"Autochory",NA,NA,NA,NA,"ND","Xyris_pilosa"
"142","Poales","Poaceae","Andropogon","Andropogon bicornis","Herb","Restricted","Mesic/Xeric","LR","Anemochory",NA,NA,NA,NA,"D","Andropogon_bicornis"
"143","Poales","Poaceae","Andropogon","Andropogon leucostachyus","Herb","Widespread","Xeric","LR","Anemochory",NA,NA,NA,NA,"D","Andropogon_leucostachyus"
"144","Poales","Poaceae","Apochloa","Apochloa euprepes","Herb","Restricted","Mesic/Xeric","LR","Autochory",NA,NA,NA,NA,"NC","Panicum_euprepes"
"145","Poales","Poaceae","Cenchrus","Cenchrus brownii","Herb","Widespread","Mesic/Xeric","LD","Zoochory",NA,NA,NA,NA,"D","Cenchrus_brownii"
"146","Poales","Poaceae","Echinolaena","Echinolaena inflexa","Herb","Widespread","Mesic/Xeric","LR","Autochory",NA,NA,NA,NA,"NC","Echinolaena_inflexa"
"147","Poales","Poaceae","Setaria","Setaria parviflora","Herb","Widespread","Mesic/Xeric","LR","Autochory",NA,NA,NA,NA,"D","Setaria_parviflora"
"148","Poales","Poaceae","Axonopus","Axonopus laxiflorus","Herb","Widespread","Xeric","LR","Autochory",99.25,NA,0.124,NA,"NC","Axonopus_laxiflorus"
"149","Poales","Poaceae","Sporobolus","Sporobolus metallicolus","Herb","Widespread","Xeric","LD","Autochory",NA,NA,0.01,NA,"NC","Sporobolus_metallicola"
"150","Asterales","Asteraceae","Baccharis","Baccharis reticularia","Shrub","Widespread","Mesic/Xeric","LD","Anemochory",NA,NA,0.27,NA,"NC","Baccharis_reticularia"
"151","Asterales","Asteraceae","Chromolaena","Chromolaena squalida","Shrub","Widespread","Mesic/Xeric","LD","Anemochory",NA,NA,0.43,NA,"NC","Chromolaena_squalida"
"152","Asterales","Asteraceae","Dasyphyllum","Dasyphyllum sprengelianum","Shrub","Widespread","Mesic/Xeric","LD","Anemochory",NA,NA,19.2,NA,"NC","Dasyphyllum_sprengelianum"
"153","Asterales","Asteraceae","Eremanthus","Eremanthus erythropappus","Tree","Widespread","Mesic/Xeric","LD","Anemochory",NA,NA,0.25,NA,"NC","Eremanthus_erythropappus"
"154","Asterales","Asteraceae","Eremanthus","Eremanthus incanus","Tree","Widespread","Mesic/Xeric","LD","Anemochory",NA,NA,0.03,NA,"NC","Eremanthus_incanus"
"155","Poales","Cyperaceae","Bulbostylis","Bulbostylis fimbriata","Herb","Widespread","Mesic/Xeric","LD","Autochory",NA,NA,0.09,NA,"NC","Bulbostylis_fimbriata"
"156","Fabales","Fabaceae","Senna","Senna reniformis","Shrub","Widespread","Mesic/Xeric","LD","Autochory",NA,NA,18.6,NA,"NC","Senna_reniformis"
"157","Myrtales","Lythraceae","Diplusodon","Diplusodon microphyllus","Shrub","Restricted","Mesic/Xeric","LD","Anemochory",NA,NA,0.69,NA,"NC","Diplusodon_microphyllus"
"158","Myrtales","Melastomataceae","Miconia","Miconia ligustroides","Shrub","Widespread","Mesic/Xeric","LD","Zoochory",NA,NA,0.44,NA,"NC","Miconia_ligustroides"
"159","Myrtales","Melastomataceae","Pleroma","Pleroma heteromallum","Shrub","Widespread","Mesic/Xeric","LD","Autochory",NA,NA,0.04,NA,"NC","Pleroma_heteromallum"
"160","Myrtales","Melastomataceae","Pleroma","Pleroma semidecandrum","Shrub","Widespread","Mesic/Xeric","LD","Autochory",NA,NA,0.06,NA,"NC","Pleroma_semidecandrum"
"161","Myrtales","Melastomataceae","Trembleya","Trembleya parviflora","Shrub","Widespread","Xeric","LD","Autochory",NA,NA,0.019,NA,"NC","Microlicia_parviflora"
"162","Myrtales","Myrtaceae","Myrcia","Myrcia splendens","Tree","Widespread","Mesic","LD","Zoochory",NA,NA,59.5,NA,"NC","Myrcia_splendens"
"163","Poales","Poaceae","Sporobolus","Sporobolus metallicolus","Herb","Widespread","Xeric","LD","Autochory",NA,NA,0.102,NA,"NC","Sporobolus_metallicola"
"164","Asparagales","Iridaceae","Herbertia","Herbertia zebrina","Herb","Widespread","Xeric",NA,NA,NA,NA,NA,NA,"ND","Herbertia_zebrina"
"165","Myrtales","Melastomataceae","Cambessedesia","Cambessedesia hilariana","Shrub","Widespread","Xeric",NA,"Autochory",NA,NA,NA,NA,"ND","Cambessedesia_hilariana"
"166","Asterales","Asteraceae","Baccharis","Baccharis retusa","Shrub","Widespread","Xeric","LD","Anemochory",NA,NA,NA,NA,"ND","Baccharis_retusa"
"167","Myrtales","Melastomataceae","Pleroma","Tibouchina multiflora","Shrub","Widespread","Xeric",NA,"Autochory",NA,NA,NA,NA,"D","Pleroma_heteromallum"
"168","Pandanales","Velloziaceae","Vellozia","Vellozia gigantea","Shrub","Restricted","Xeric","ER","Autochory",NA,NA,0.47,13.45,"ND","Vellozia_gigantea"
"169","Pandanales","Velloziaceae","Vellozia","Vellozia glandulifera","Herb","Restricted","Xeric","ER","Autochory",NA,NA,0.49,17.33,"ND","Vellozia_glandulifera"
"170","Pandanales","Velloziaceae","Vellozia","Vellozia variabilis","Shrub","Widespread","Xeric","LD","Autochory",NA,NA,0.21,13.05,"ND","Vellozia_alutacea"
"171","Pandanales","Velloziaceae","Vellozia","Vellozia epidendroides","Herb","Restricted","Mesic",NA,"Autochory",NA,NA,NA,NA,"ND","Vellozia_epidendroides"
"172","Pandanales","Velloziaceae","Vellozia","Vellozia leptopetala","Shrub","Restricted","Xeric",NA,"Autochory",NA,NA,NA,NA,"ND","Vellozia_declinans"
"173","Poales","Xyridaceae","Xyris","Xyris bialata","Herb","Widespread","Mesic/Xeric","ED","Autochory",NA,NA,0.045,NA,"ND","Xyris_bialata"
"174","Poales","Xyridaceae","Xyris","Xyris peregrina","Herb","Widespread","Mesic/Xeric","ED","Autochory",NA,NA,0.015,NA,"ND","Xyris_pterygoblephara"
"175","Poales","Eriocaulaceae","Comanthera","Comanthera bisulcata","Herb","Widespread","Mesic","LD","Anemochory",NA,NA,NA,NA,"ND","Comanthera_bisulcata"
"176","Poales","Eriocaulaceae","Comanthera","Comanthera elegans","Herb","Restricted","Xeric","ER","Anemochory",NA,NA,NA,NA,"ND","Comanthera_elegans"
"177","Poales","Eriocaulaceae","Syngonanthus","Syngonanthus anthemidiflorus","Herb","Restricted","Xeric","ER","Anemochory",NA,NA,NA,NA,"ND","Syngonanthus_anthemiflorus"
"178","Poales","Eriocaulaceae","Syngonanthus","Syngonanthus verticillatus","Herb","Widespread","Mesic","ER","Anemochory",NA,NA,NA,NA,"ND","Syngonanthus_verticillatus"
"179","Pandanales","Velloziaceae","Vellozia","Vellozia alutacea","Herb","Widespread","Mesic/Xeric",NA,"Autochory",NA,NA,0.24,NA,"ND","Vellozia_alutacea"
"180","Pandanales","Velloziaceae","Vellozia","Vellozia caruncularis",NA,"Restricted","Xeric",NA,"Autochory",NA,NA,0.15,NA,"ND","Vellozia_caruncularis"
"181","Pandanales","Velloziaceae","Vellozia","Vellozia gigantea","Shrub","Restricted","Xeric",NA,"Autochory",NA,NA,0.36,NA,"ND","Vellozia_gigantea"
"182","Pandanales","Velloziaceae","Vellozia","Vellozia glandulifera",NA,"Restricted","Xeric",NA,"Autochory",NA,NA,1.21,NA,"ND","Vellozia_glandulifera"
"183","Poales","Xyridaceae","Xyris","Xyris aurea","Herb","Restricted","Mesic","LR","Autochory",NA,NA,0.115,11.7,"ND","Xyris_aurea"
"184","Poales","Xyridaceae","Xyris","Xyris bialata","Herb","Widespread","Mesic","ED","Autochory",NA,NA,0.045,10.9,"ND","Xyris_bialata"
"185","Poales","Xyridaceae","Xyris","Xyris blanchetiana","Herb","Widespread","Mesic","ER","Autochory",NA,NA,0.016,12.1,"NC","Xyris_blanchetiana"
"186","Poales","Xyridaceae","Xyris","Xyris coutensis","Herb","Restricted","Mesic","LD","Autochory",NA,NA,0.158,11.9,"D","Xyris_coutensis"
"187","Poales","Xyridaceae","Xyris","Xyris jolyi","Herb","Widespread","Mesic","LD","Autochory",NA,NA,0.012,11.5,"ND","Xyris_jolyi"
"188","Poales","Xyridaceae","Xyris","Xyris laxifolia","Herb","Widespread","Mesic","ED","Autochory",NA,NA,0.02,12.2,"ND","Xyris_laxifolia"
"189","Poales","Xyridaceae","Xyris","Xyris peregrina","Herb","Widespread","Mesic","ED","Autochory",NA,NA,0.015,13.1,"ND","Xyris_pterygoblephara"
"190","Poales","Xyridaceae","Xyris","Xyris spinulosa","Herb","Widespread","Mesic","ED","Autochory",NA,NA,0.028,12.2,"ND","Xyris_spinulosa"
"191","Fabales","Fabaceae","Chamaecrista","Chamaecrista cathartica var. paucijuga","Shrub","Restricted","Xeric","LR","Autochory",NA,NA,8.55,NA,"D","Chamaecrista_cathartica"
"192","Fabales","Fabaceae","Chamaecrista","Chamaecrista dentata","Shrub","Widespread","Xeric",NA,"Autochory",NA,NA,25.38,NA,"D","Chamaecrista_dentata"
"193","Fabales","Fabaceae","Chamaecrista","Chamaecrista desvauxii var. malacophylla","Herb","Restricted","Mesic","ER","Autochory",NA,NA,3.13,NA,"D","Chamaecrista_desvauxii"
"194","Fabales","Fabaceae","Chamaecrista","Chamaecrista desvauxii var. mollissima","Herb","Widespread","Mesic/Xeric","LR","Autochory",NA,NA,4.16,NA,"D","Chamaecrista_desvauxii"
"195","Fabales","Fabaceae","Chamaecrista","Chamaecrista choriophylla var. latifolia","Herb","Restricted","Mesic/Xeric","LD","Autochory",NA,NA,21.75,NA,"D","Chamaecrista_latifolia"
"196","Fabales","Fabaceae","Chamaecrista","Chamaecrista desvauxii var. latistipula","Herb","Widespread","Mesic","LR","Autochory",NA,NA,6.88,NA,"D","Chamaecrista_desvauxii"
"197","Fabales","Fabaceae","Chamaecrista","Chamaecrista mucronata","Herb","Widespread","Xeric","ER","Autochory",NA,NA,9.4,NA,"D","Chamaecrista_mucronata"
"198","Fabales","Fabaceae","Chamaecrista","Chamaecrista cipoana","Shrub","Widespread","Xeric","LD","Autochory",NA,NA,20.58,NA,"D","Chamaecrista_cipoana"
"199","Fabales","Fabaceae","Chamaecrista","Chamaecrista ochnacea var. purpurascens","Herb","Widespread","Xeric","LR","Autochory",NA,NA,15.87,NA,"D","Chamaecrista_ochnacea"
"200","Fabales","Fabaceae","Chamaecrista","Chamaecrista ramosa var. parvifoliola","Shrub","Widespread","Xeric","LR","Autochory",NA,NA,4.78,NA,"D","Chamaecrista_ramosa"
"201","Fabales","Fabaceae","Chamaecrista","Chamaecrista rotundifolia","Herb","Widespread","Xeric","LR","Autochory",NA,NA,2.24,NA,"D","Chamaecrista_rotundifolia"
"202","Fabales","Fabaceae","Chamaecrista","Chamaecrista semaphora","Shrub","Restricted","Xeric","LD","Autochory",NA,NA,14.38,NA,"D","Chamaecrista_semaphora"
"203","Fabales","Fabaceae","Chamaecrista","Chamaecrista venulosa","Herb","Restricted","Mesic/Xeric",NA,"Autochory",NA,NA,5.18,NA,"D","Chamaecrista_venulosa"
"204","Caryophyllales","Cactaceae","Melocactus","Melocactus ernestii subsp. ernestii","Succulent","Restricted","Xeric",NA,"Zoochory",NA,NA,NA,NA,"ND","Melocactus_ernestii"
"205","Poales","Eriocaulaceae","Paepalanthus","Paepalanthus chiquitensis","Herb","Widespread","Mesic/Xeric","LD","Anemochory",1.8,NA,NA,NA,"ND","Paepalanthus_chiquitensis"
"206","Poales","Bromeliaceae","Pitcairnia","Pitcairnia encholirioides","Herb","Restricted","Xeric",NA,"Anemochory",NA,NA,NA,13.5,"ND","Pitcairnia_encholirioides"
"207","Poales","Eriocaulaceae","Actinocephalus","Paepalanthus geniculatus","Herb","Widespread","Xeric",NA,"Anemochory",NA,NA,NA,NA,"ND","Actinocephalus_geniculatus"
"208","Poales","Eriocaulaceae","Actinocephalus","Paepalanthus incanus","Herb","Restricted","Xeric",NA,"Anemochory",NA,NA,NA,NA,"ND","Actinocephalus_incanus"
"209","Poales","Eriocaulaceae","Paepalanthus","Paepalanthus chlorocephalus","Herb","Restricted","Mesic",NA,"Anemochory",NA,NA,NA,NA,"ND","Paepalanthus_chlorocephalus"
"210","Poales","Eriocaulaceae","Paepalanthus","Paepalanthus senaeanus","Herb","Restricted","Mesic",NA,"Anemochory",NA,NA,NA,NA,"ND","Paepalanthus_senaeanus"
"211","Asterales","Asteraceae","Lessingianthus","Lessingianthus linearifolius","Shrub","Widespread","Xeric","LD","Anemochory",57,41,NA,NA,"ND","Lessingianthus_linearifolius"
"212","Asterales","Asteraceae","Richterago","Richterago arenaria","Herb","Restricted","Xeric","LR","Anemochory",84,1,NA,NA,"NC","Richterago_arenaria"
"213","Poales","Cyperaceae","Bulbostylis","Bulbostylis emmerichiae","Herb","Widespread","Mesic","ER","Autochory",NA,NA,NA,NA,"ND","Bulbostylis_emmerichiae"
"214","Poales","Cyperaceae","Bulbostylis","Bulbostylis paradoxa","Herb","Widespread","Mesic/Xeric","ER","Autochory",NA,NA,NA,NA,"ND","Bulbostylis_paradoxa"
"215","Poales","Cyperaceae","Lagenocarpus","Lagenocarpus alboniger","Herb","Widespread","Xeric","ER","Autochory",54,7,NA,NA,"NC","Lagenocarpus_alboniger"
"216","Poales","Cyperaceae","Lagenocarpus","Lagenocarpus tenuifolius","Herb",NA,"Xeric","LD","Autochory",14.5,38,NA,NA,"D","Lagenocarpus_rigidus"
"217","Poales","Cyperaceae","Rhynchospora","Rhynchospora ciliolata","Herb","Widespread","Xeric","LR","Autochory",80,5,NA,NA,"NC","Rhynchospora_ciliolata"
"218","Poales","Cyperaceae","Rhynchospora","Rhynchospora consanguinea","Herb","Widespread","Xeric","LR","Autochory",0.5,39.5,NA,NA,"D","Rhynchospora_consanguinea"
"219","Poales","Cyperaceae","Rhynchospora","Rhynchospora riedeliana","Herb","Widespread","Xeric","ED","Autochory",37,30,NA,NA,"D","Rhynchospora_riedeliana"
"220","Poales","Poaceae","Aristida","Aristida torta","Herb","Widespread","Xeric","LD","Autochory",55,28,NA,NA,"D","Aristida_torta"
"221","Poales","Poaceae","Echinolaena","Echinolaena inflexa","Herb","Widespread","Mesic/Xeric","LR","Autochory",13.52,0,NA,NA,"NC","Echinolaena_inflexa"
"222","Poales","Poaceae","Homolepis","Homolepis longispicula","Herb","Widespread","Mesic/Xeric","LR","Anemochory",NA,NA,NA,NA,"ND","Homolepis_longispicula"
"223","Poales","Poaceae","Paspalum","Paspalum pectinatum","Herb","Widespread","Mesic/Xeric","LR","Anemochory",NA,NA,NA,NA,"NC","Paspalum_pectinatum"
"224","Pandanales","Velloziaceae","Vellozia","Vellozia caruncularis","Herb","Restricted","Xeric","LR","Autochory",11,86,NA,NA,"ND","Vellozia_caruncularis"
"225","Pandanales","Velloziaceae","Vellozia","Vellozia epidendroides","Shrub","Restricted","Mesic/Xeric","LD","Autochory",6.5,89.5,NA,NA,"ND","Vellozia_epidendroides"
"226","Pandanales","Velloziaceae","Vellozia","Vellozia resinosa","Shrub","Restricted","Xeric","ER","Autochory",3,93.5,NA,NA,"ND","Vellozia_resinosa"
"227","Pandanales","Velloziaceae","Vellozia","Vellozia variabilis","Shrub","Widespread","Xeric","LD","Autochory",2,89,NA,NA,"ND","Vellozia_alutacea"
"228","Poales","Xyridaceae","Xyris","Xyris obtusiuscula","Herb","Restricted","Mesic/Xeric","ER","Autochory",3,67,NA,NA,"D","Xyris_obtusiuscula"
"229","Poales","Xyridaceae","Xyris","Xyris pilosa","Herb","Restricted","Mesic","ER","Autochory",1.5,89.5,NA,NA,"ND","Xyris_pilosa"
"230","Poales","Bromeliaceae","Dyckia","Dyckia excelsa","Herb","Restricted","Xeric","LD","Anemochory",NA,NA,NA,NA,"ND","Dyckia_excelsa"
"231","Myrtales","Melastomataceae","Pleroma","Tibouchina hatschbachii","Shrub","Widespread","Mesic/Xeric",NA,"Autochory",NA,NA,NA,NA,"NC","Pleroma_hatschbachii"
"232","Myrtales","Melastomataceae","Pleroma","Pleroma marumbiense","Shrub","Widespread",NA,NA,"Autochory",NA,NA,NA,NA,"NC","Tibouchina_marumbiensis"
"233","Fabales","Fabaceae","Chamaecrista","Chamaecrista dentata","Tree","Widespread","Xeric","ED","Autochory",NA,NA,23.45,NA,"D","Chamaecrista_dentata"
"234","Poales","Bromeliaceae","Aechmea","Aechmea nudicaulis","Herb","Widespread","Mesic/Xeric","LR","Zoochory",NA,NA,NA,NA,"ND","Aechmea_nudicaulis"
"235","Poales","Bromeliaceae","Dyckia","Dyckia saxatilis","Herb","Restricted","Xeric","LR","Anemochory",NA,NA,NA,NA,"NC","Dyckia_saxatilis"
"236","Poales","Bromeliaceae","Hoplocryptanthus","Cryptanthus schwackeanus","Herb","Restricted","Xeric","ED","Zoochory",NA,NA,NA,NA,"ND","Hoplocryptanthus_schwackeanus"
"237","Poales","Bromeliaceae","Neoregelia","Neoregelia bahiana","Herb","Restricted","Xeric","ED","Zoochory",NA,NA,NA,NA,"ND","Neoregelia_bahiana"
"238","Poales","Bromeliaceae","Tillandsia","Tillandsia stricta","Herb","Widespread","Mesic/Xeric","ED","Anemochory",NA,NA,NA,NA,"ND","Tillandsia_stricta"
"239","Poales","Bromeliaceae","Vriesea","Vriesea bituminosa","Herb","Widespread","Mesic/Xeric","LR","Anemochory",NA,NA,NA,NA,"ND","Vriesea_bituminosa"
"240","Poales","Bromeliaceae","Vriesea","Vriesea crassa","Herb","Restricted","Xeric","ED","Anemochory",NA,NA,NA,NA,"ND","Vriesea_crassa"
"241","Poales","Bromeliaceae","Vriesea","Vriesea friburgensis","Herb","Widespread","Mesic","LD","Anemochory",NA,NA,NA,NA,"ND","Vriesea_friburgensis"
"242","Poales","Bromeliaceae","Vriesea","Vriesea minarum","Herb","Widespread","Xeric","ED","Anemochory",NA,NA,NA,NA,"ND","Vriesea_minarum"
"243","Asterales","Asteraceae","Lychnophora","Lychnophora pinaster","Shrub","Restricted","Xeric","ER","Autochory",NA,NA,NA,NA,"D","Lychnophora_ericoides"
"244","Asterales","Asteraceae","Lychnophora","Lychnophora pinaster","Shrub","Restricted","Xeric","ER","Autochory",NA,NA,NA,NA,"D","Lychnophora_ericoides"
"245","Asterales","Asteraceae","Lychnophora","Lychnophora pinaster",NA,"Restricted","Xeric","ER","Autochory",NA,NA,NA,14,"D","Lychnophora_ericoides"
"246","Myrtales","Melastomataceae","Miconia","Miconia ferruginata",NA,"Widespread","Xeric","LD","Zoochory",79.72,NA,0.01882,NA,"NC","Miconia_ferruginata"
"247","Myrtales","Melastomataceae","Tibouchina","Tibouchina papyrus","Tree","Restricted","Xeric",NA,"Autochory",NA,NA,NA,NA,"ND","Tibouchina_papyrifera"
"248","Pandanales","Velloziaceae","Vellozia","Vellozia alata","Shrub","Restricted","Xeric","LR","Autochory",NA,NA,NA,14.22,"NC","Vellozia_alata"
"249","Fabales","Fabaceae","Collaea","Collaea cipoensis","Shrub","Restricted","Mesic","LD","Autochory",NA,NA,NA,NA,"D","Collaea_cipoensis"
"250","Fabales","Fabaceae","Mimosa","Mimosa foliolosa","Shrub","Widespread","Xeric","ED","Autochory",NA,NA,NA,NA,"D","Mimosa_foliolosa"
"251","Fabales","Fabaceae","Mimosa","Mimosa maguirei","Shrub","Restricted","Xeric","ER","Autochory",NA,NA,NA,NA,"D","Mimosa_maguirei"
"252","Myrtales","Melastomataceae","Lavoisiera","Lavoisiera cordata","Shrub","Restricted","Xeric","LD","Autochory",NA,NA,NA,NA,"D","Microlicia_cordifolia"
"253","Myrtales","Melastomataceae","Microlicia","Microlicia tetrasticha","Shrub","Restricted","Mesic/Xeric","LD","Autochory",NA,NA,NA,NA,"NC","Microlicia_tetrasticha"
"254","Myrtales","Melastomataceae","Pleroma","Pleroma heteromallum","Shrub","Widespread","Mesic/Xeric","LD","Autochory",NA,NA,NA,NA,"NC","Pleroma_heteromallum"
"255","Myrtales","Melastomataceae","Trembleya","Trembleya laniflora",NA,"Restricted","Xeric","LD","Autochory",NA,NA,NA,NA,"NC","Microlicia_laniflora"
"256","Lamiales","Bignoniaceae","Jacaranda","Jacaranda caroba","Tree","Widespread","Mesic/Xeric","LR","Anemochory",NA,NA,NA,NA,"ND","Jacaranda_caroba"
"257","Myrtales","Vochysiaceae","Callisthene","Callisthene major var. pilosa","Tree","Widespread","Mesic/Xeric","ER","Anemochory",NA,NA,NA,11.2,"ND","Callisthene_major"
"258","Poales","Eriocaulaceae","Comanthera","Comanthera brasiliana","Herb","Restricted","Xeric","ER","Anemochory",NA,NA,0.036,NA,"ND","Comanthera_brasiliana"
"259","Poales","Eriocaulaceae","Comanthera","Comanthera magnifica","Herb","Restricted","Xeric",NA,"Anemochory",NA,NA,0.044,NA,"NC","Comanthera_magnifica"
"260","Poales","Eriocaulaceae","Comanthera","Comanthera suberosa","Herb","Restricted","Xeric","LD","Anemochory",NA,NA,0.045,NA,"ND","Comanthera_suberosa"
"261","Poales","Eriocaulaceae","Syngonanthus","Syngonanthus nitens","Herb","Widespread","Mesic","ER","Anemochory",NA,NA,NA,NA,"NC","Syngonanthus_nitens"
"262","Poales","Eriocaulaceae","Syngonanthus","Syngonanthus nitens","Herb","Widespread","Mesic","ER","Anemochory",NA,NA,0.024,NA,"NC","Syngonanthus_nitens"
"263","Poales","Eriocaulaceae","Comanthera","Syngonanthus venustus","Herb","Widespread","Mesic","LD","Anemochory",NA,NA,2.5,NA,"NC","Comanthera_bisulcata"
"264","Poales","Eriocaulaceae","Comanthera","Syngonanthus elegans","Herb","Restricted","Mesic/Xeric","LD","Anemochory",NA,NA,1.5,NA,"ND","Comanthera_elegans"
"265","Poales","Eriocaulaceae","Comanthera","Syngonanthus elegantulus","Herb","Restricted","Xeric","LD","Anemochory",NA,NA,1.3,NA,"NC","Comanthera_elegantula"
"266","Poales","Eriocaulaceae","Comanthera","Syngonanthus aciphyllus","Herb","Widespread","Xeric","LD","Anemochory",NA,NA,0.015,NA,"ND","Comanthera_aciphylla"
"267","Poales","Eriocaulaceae","Comanthera","Syngonanthus bisulcatus","Herb","Widespread","Mesic","LD","Anemochory",NA,NA,0.02,NA,"D","Comanthera_bisulcata"
"268","Poales","Eriocaulaceae","Comanthera","Syngonanthus vernonioides","Herb","Widespread","Xeric","ER","Anemochory",NA,NA,0.095,NA,"NC","Comanthera_centauroides"
"269","Poales","Eriocaulaceae","Syngonanthus","Syngonanthus anthemidiflorus","Herb","Restricted","Xeric","LD","Anemochory",NA,NA,0.022,NA,"ND","Syngonanthus_anthemiflorus"
"270","Poales","Eriocaulaceae","Syngonanthus","Syngonanthus caulescens","Herb","Widespread","Mesic","LD","Anemochory",NA,NA,0.024,NA,"NC","Syngonanthus_caulescens"
"271","Poales","Eriocaulaceae","Syngonanthus","Syngonanthus gracilis","Herb","Restricted","Xeric","LD","Anemochory",NA,NA,0.012,NA,"ND","Syngonanthus_gracilis"
"272","Poales","Eriocaulaceae","Syngonanthus","Syngonanthus verticillatus","Herb","Widespread","Mesic","LD","Anemochory",NA,NA,0.014,NA,"ND","Syngonanthus_verticillatus"
"273","Poales","Xyridaceae","Xyris","Xyris asperula","Herb","Restricted","Mesic/Xeric","LD","Autochory",NA,NA,0.0125,16.4,"ND","Xyris_asperula"
"274","Poales","Xyridaceae","Xyris","Xyris subsetigera","Herb","Widespread","Mesic/Xeric","LD","Autochory",NA,NA,0.0094,11.4,"ND","Xyris_subsetigera"
"275","Poales","Xyridaceae","Xyris","Xyris trachyphylla","Herb","Widespread","Mesic","LD","Autochory",NA,NA,0.0255,11.6,"ND","Xyris_trachyphylla"
"276","Poales","Xyridaceae","Xyris","Xyris asperula","Herb","Restricted","Mesic/Xeric","LD","Autochory",NA,NA,NA,NA,"ND","Xyris_asperula"
"277","Poales","Xyridaceae","Xyris","Xyris trachyphylla","Herb","Widespread","Mesic","LD","Autochory",NA,NA,NA,NA,"ND","Xyris_trachyphylla"
"278","Poales","Xyridaceae","Xyris","Xyris longiscapa","Herb","Restricted","Mesic","ED","Autochory",NA,NA,NA,NA,"ND","Xyris_longiscapa"
"279","Poales","Xyridaceae","Xyris","Xyris asperula","Herb","Restricted","Mesic/Xeric","LD","Autochory",NA,NA,NA,NA,"ND","Xyris_asperula"
"280","Poales","Xyridaceae","Xyris","Xyris pilosa","Herb","Restricted","Mesic","LD","Autochory",NA,NA,NA,NA,"ND","Xyris_pilosa"
"281","Poales","Xyridaceae","Xyris","Xyris seubertii","Herb","Widespread","Mesic/Xeric","LD","Autochory",NA,NA,NA,NA,"NC","Xyris_seubertii"
"282","Poales","Xyridaceae","Xyris","Xyris subsetigera","Herb","Widespread","Mesic/Xeric","LD","Autochory",NA,NA,NA,NA,"NC","Xyris_subsetigera"
"283","Poales","Xyridaceae","Xyris","Xyris trachyphylla","Herb","Widespread","Mesic","LD","Autochory",NA,NA,NA,NA,"ND","Xyris_trachyphylla"
"284","Poales","Eriocaulaceae","Comanthera","Syngonanthus elegans","Herb","Restricted","Mesic/Xeric",NA,"Anemochory",NA,NA,NA,NA,"ND","Comanthera_elegans"
"285","Poales","Bromeliaceae","Alcantarea","Alcantarea imperialis","Herb","Restricted","Xeric","ER","Anemochory",NA,NA,1.656,NA,"ND","Alcantarea_imperialis"
"286","Poales","Bromeliaceae","Pitcairnia","Pitcairnia flammea","Herb","Widespread","Xeric","LD","Anemochory",NA,NA,0.162,NA,"D","Pitcairnia_flammea"
"287","Sapindales","Anacardiaceae","Tapirira","Tapirira obtusa","Tree","Widespread","Mesic","LR","Zoochory",NA,NA,NA,NA,"D","Tapirira_obtusa"
"288","Rosales","Moraceae","Ficus","Ficus luschnathiana","Tree","Widespread","Mesic",NA,"Zoochory",NA,NA,NA,NA,"ND","Ficus_luschnathiana"
"289","Gentianales","Rubiaceae","Chomelia","Chomelia obtusa",NA,"Widespread","Mesic/Xeric",NA,"Zoochory",NA,NA,NA,NA,"NC","Chomelia_obtusa"
"290","Lamiales","Verbenaceae","Lippia","Lippia corymbosa","Shrub","Widespread","Xeric",NA,"Autochory",NA,NA,NA,NA,"NC","Lippia_corymbosa"
"291","Lamiales","Verbenaceae","Lippia","Lippia diamantinensis","Shrub","Restricted","Mesic/Xeric",NA,"Autochory",NA,NA,NA,NA,"D","Lippia_diamantinensis"
"292","Lamiales","Verbenaceae","Lippia","Lippia filifolia","Shrub","Widespread","Xeric",NA,"Autochory",NA,NA,NA,NA,"D","Lippia_filifolia"
"293","Lamiales","Verbenaceae","Lippia","Lippia florida","Shrub","Widespread","Xeric",NA,"Autochory",NA,NA,NA,NA,"NC","Lippia_florida"
"294","Lamiales","Verbenaceae","Lippia","Lippia hermannioides","Shrub","Widespread","Xeric",NA,"Autochory",NA,NA,NA,NA,"D","Lippia_hermannioides"
"295","Lamiales","Verbenaceae","Lippia","Lippia lupulina","Shrub","Widespread","Xeric",NA,"Autochory",NA,NA,NA,NA,"D","Lippia_lupulina"
"296","Lamiales","Verbenaceae","Lippia","Lippia glandulosa","Shrub","Widespread","Xeric",NA,"Autochory",NA,NA,NA,NA,"NC","Lippia_origanoides"
"297","Lamiales","Verbenaceae","Lippia","Lippia sidoides","Shrub","Widespread","Xeric",NA,"Autochory",NA,NA,NA,NA,"ND","Lippia_origanoides"
"298","Lamiales","Verbenaceae","Lippia","Lippia rosella","Shrub","Widespread","Mesic/Xeric",NA,"Autochory",NA,NA,NA,NA,"NC","Lippia_rosella"
"299","Lamiales","Verbenaceae","Lippia","Lippia rotundifolia","Shrub","Widespread","Xeric",NA,"Autochory",NA,NA,NA,NA,"D","Lippia_rotundifolia"
"300","Fabales","Fabaceae","Bauhinia","Bauhinia pulchella","Shrub","Widespread","Mesic/Xeric","LR","Autochory",14,73.1,49,13,"D","Bauhinia_pulchella"
"301","Fabales","Fabaceae","Dioclea","Dioclea apurensis","Liana","Widespread","Mesic/Xeric","LR","Autochory",2,86.24,165,9.4,"D","Dioclea_apurensis"
"302","Fabales","Fabaceae","Mimosa","Mimosa acutistipula var. ferrea","Shrub","Widespread","Xeric","LR","Autochory",6,78.96,10,9.4,"D","Mimosa_acutistipula"
"303","Fabales","Fabaceae","Mimosa","Mimosa camporum","Herb","Widespread","Mesic/Xeric","LR","Autochory",10,77.4,4,9.2,"D","Mimosa_camporum"
"304","Fabales","Fabaceae","Mimosa","Mimosa pudica","Shrub","Widespread","Mesic","LR","Autochory",6,76.14,5,8,"D","Mimosa_pudica"
"305","Myrtales","Melastomataceae","Lavoisiera","Lavoisiera cordata","Shrub","Restricted","Xeric","LD","Autochory",NA,NA,NA,NA,"ND","Microlicia_cordifolia"
"306","Myrtales","Melastomataceae","Lavoisiera","Lavoisiera francavillana","Shrub","Widespread","Mesic",NA,"Autochory",NA,NA,NA,NA,"NC","Microlicia_cataphracta"
"307","Malpighiales","Calophyllaceae","Kielmeyera","Kielmeyera regalis","Shrub","Widespread","Xeric","LD","Anemochory",NA,NA,NA,NA,"ND","Kielmeyera_regalis"
"308","Lamiales","Gesneriaceae","Sinningia","Paliavana sericiflora","Shrub","Restricted","Xeric","LD","Zoochory",NA,NA,0.0223,NA,"ND","Paliavana_sericiflora"
"309","Lamiales","Gesneriaceae","Sinningia","Sinningia allagophylla","Herb","Widespread","Mesic/Xeric","LR","Anemochory",NA,NA,0.0172,NA,"D","Sinningia_allagophylla"
"310","Lamiales","Gesneriaceae","Sinningia","Sinningia rupicola","Herb","Widespread","Xeric","LR","Anemochory",NA,NA,0.013,NA,"NC","Sinningia_rupicola"
"311","Myrtales","Melastomataceae","Chaetostoma","Chaetostoma armatum","Shrub","Widespread","Xeric","ED","Autochory",NA,NA,NA,NA,"D","Microlicia_armata"
"312","Myrtales","Melastomataceae","Clidemia","Clidemia urceolata","Shrub","Widespread","Mesic/Xeric",NA,"Zoochory",NA,NA,NA,NA,"NC","Miconia_neourceolata"
"313","Myrtales","Melastomataceae","Leandra","Leandra aurea",NA,"Widespread","Mesic/Xeric",NA,"Zoochory",NA,NA,NA,NA,"NC","Miconia_auricoma"
"314","Myrtales","Melastomataceae","Miconia","Miconia rubiginosa",NA,"Widespread","Mesic/Xeric",NA,"Zoochory",NA,NA,NA,NA,"NC","Miconia_rubiginosa"
"315","Myrtales","Melastomataceae","Trembleya","Trembleya laniflora","Shrub","Restricted","Xeric","LD","Autochory",86.3,NA,0.05,NA,"ND","Microlicia_laniflora"
"316","Poales","Eriocaulaceae","Paepalanthus","Paepalanthus speciosus","Herb","Restricted","Mesic/Xeric","LD","Anemochory",NA,NA,NA,NA,"NC","Paepalanthus_chiquitensis"
"317","Myrtales","Melastomataceae","Miconia","Miconia ligustroides","Shrub","Widespread","Mesic/Xeric",NA,"Zoochory",NA,NA,NA,NA,"ND","Miconia_ligustroides"
"318","Myrtales","Melastomataceae","Miconia","Miconia pepericarpa","Shrub","Widespread","Mesic/Xeric",NA,"Zoochory",NA,NA,NA,NA,"ND","Miconia_pepericarpa"
"319","Myrtales","Melastomataceae","Miconia","Miconia angelana","Shrub","Widespread","Mesic",NA,"Zoochory",6.3,NA,NA,NA,"ND","Miconia_angelana"
"320","Poales","Eriocaulaceae","Comanthera","Syngonanthus elegans","Herb","Restricted","Mesic/Xeric","LR","Anemochory",NA,NA,NA,NA,"ND","Comanthera_elegans"
"321","Poales","Eriocaulaceae","Comanthera","Syngonanthus niveus","Herb","Restricted","Mesic/Xeric","ED","Anemochory",NA,NA,NA,NA,"ND","Comanthera_nivea"
"322","Myrtales","Melastomataceae","Marcetia","Marcetia taxifolia","Shrub","Widespread","Xeric","ED","Autochory",NA,NA,NA,NA,"NC","Marcetia_taxifolia"
"323","Fabales","Fabaceae","Calliandra","Calliandra fasciculata","Shrub","Widespread","Mesic","ED","Autochory",NA,NA,NA,NA,"ND","Calliandra_fasciculata"
"324","Fabales","Fabaceae","Mimosa","Mimosa foliolosa subsp. pachycarpa","Shrub","Widespread","Xeric","ED","Autochory",NA,NA,NA,NA,"D","Mimosa_foliolosa"
"325","Myrtales","Lythraceae","Diplusodon","Diplusodon hirsutus","Shrub","Widespread","Xeric","LD","Anemochory",NA,NA,NA,NA,"NC","Diplusodon_hirsutus"
"326","Myrtales","Lythraceae","Diplusodon","Diplusodon orbicularis","Shrub","Restricted","Mesic","ED","Anemochory",NA,NA,NA,NA,"NC","Diplusodon_orbicularis"
"327","Myrtales","Melastomataceae","Acisanthera","Acisanthera alsinaefolia","Shrub","Widespread","Mesic",NA,"Autochory",NA,NA,0.000925,NA,"ND","Acisanthera_alsinefolia"
"328","Myrtales","Melastomataceae","Acisanthera","Acisanthera punctatissima","Shrub","Widespread","Xeric",NA,"Autochory",NA,NA,NA,NA,"NC","Acisanthera_quadrata"
"329","Myrtales","Melastomataceae","Cambessedesia","Cambessedesia hilariana","Shrub","Widespread","Xeric","LD","Autochory",NA,NA,NA,NA,"ND","Cambessedesia_hilariana"
"330","Myrtales","Melastomataceae","Chaetostoma","Chaetostoma armatum","Shrub","Widespread","Xeric","ED","Autochory",58,20.16,6e-04,NA,"D","Microlicia_armata"
"331","Myrtales","Melastomataceae","Clidemia","Clidemia capitellata","Shrub","Widespread","Xeric",NA,"Zoochory",NA,NA,0.0017,NA,"ND","Melastoma_capitellatum"
"332","Myrtales","Melastomataceae","Clidemia","Clidemia urceolata","Shrub","Widespread","Xeric",NA,"Zoochory",NA,NA,0.00265,NA,"ND","Miconia_neourceolata"
"333","Myrtales","Melastomataceae","Fritzschia","Comolia sertularia","Shrub","Widespread","Xeric","ED","Autochory",50,36.7,0.01155,NA,"D","Fritzschia_sertularia"
"334","Myrtales","Melastomataceae","Fritzschia","Comolia sessilis","Shrub","Widespread","Xeric",NA,"Autochory",NA,NA,NA,NA,"ND","Comolia_sessilis"
"335","Myrtales","Melastomataceae","Lavoisiera","Lavoisiera caryophyllea","Shrub","Widespread","Mesic",NA,"Autochory",NA,NA,0.0025,NA,"NC","Microlicia_caryophyllea"
"336","Myrtales","Melastomataceae","Lavoisiera","Lavoisiera confertiflora","Shrub",NA,"Xeric",NA,"Autochory",NA,NA,0.0023,NA,"ND","Microlicia_congestiflora"
"337","Myrtales","Melastomataceae","Lavoisiera","Lavoisiera cordata","Shrub","Restricted","Xeric",NA,"Autochory",NA,NA,0.00995,NA,"ND","Microlicia_cordifolia"
"338","Myrtales","Melastomataceae","Lavoisiera","Lavoisiera campos-portoana","Shrub","Widespread","Xeric",NA,"Autochory",NA,NA,0.0027,NA,"ND","Microlicia_crassifolia"
"339","Myrtales","Melastomataceae","Lavoisiera","Lavoisiera imbricata","Shrub","Widespread","Mesic",NA,"Autochory",NA,NA,0.0024,NA,"ND","Microlicia_cataphracta"
"340","Myrtales","Melastomataceae","Lavoisiera","Lavoisiera pulcherrima","Shrub","Restricted","Mesic",NA,"Autochory",NA,NA,NA,NA,"ND","Microlicia_pulcherrima"
"341","Myrtales","Melastomataceae","Lavoisiera","Lavoisiera subulata","Shrub","Widespread","Mesic",NA,"Autochory",NA,NA,0.00275,NA,"ND","Microlicia_subulata"
"342","Myrtales","Melastomataceae","Leandra","Leandra aurea","Shrub","Widespread","Mesic",NA,"Zoochory",NA,NA,NA,NA,"ND","Miconia_auricoma"
"343","Myrtales","Melastomataceae","Leandra","Leandra coriacea","Shrub","Restricted","Xeric","ER","Zoochory",NA,NA,NA,NA,"ND","Miconia_leacoriacea"
"344","Myrtales","Melastomataceae","Lithobium","Lithobium cordatum","Shrub","Restricted","Xeric",NA,"Autochory",NA,NA,NA,NA,"NC","Lithobium_cordatum"
"345","Myrtales","Melastomataceae","Macairea","Macairea radula","Shrub","Restricted","Xeric",NA,"Autochory",NA,NA,NA,NA,"ND","Macairea_radula"
"346","Myrtales","Melastomataceae","Marcetia","Marcetia taxifolia","Shrub","Widespread","Xeric",NA,"Autochory",NA,NA,9e-04,NA,"ND","Marcetia_taxifolia"
"347","Myrtales","Melastomataceae","Merianthera","Merianthera sipolisii","Tree","Restricted","Xeric",NA,"Autochory",NA,NA,NA,NA,"ND","Merianthera_sipolisii"
"348","Myrtales","Melastomataceae","Miconia","Miconia albicans","Shrub","Widespread","Xeric",NA,"Zoochory",NA,NA,0.007425,NA,"ND","Miconia_proctorii"
"349","Myrtales","Melastomataceae","Miconia","Miconia alborufescens","Shrub","Widespread","Xeric","ER","Zoochory",NA,NA,0.01245,NA,"ND","Miconia_alborufescens"
"350","Myrtales","Melastomataceae","Miconia","Miconia chamissois","Shrub","Widespread","Mesic","LD","Zoochory",NA,NA,NA,NA,"ND","Miconia_chamissois"
"351","Myrtales","Melastomataceae","Miconia","Miconia cipoensis","Shrub","Restricted","Xeric","ER","Zoochory",NA,NA,0.027725,NA,"ND","Miconia_cipoensis"
"352","Myrtales","Melastomataceae","Miconia","Miconia corallina","Shrub","Widespread","Xeric","ED","Zoochory",41,17,0.024,NA,"D","Miconia_corallina"
"353","Myrtales","Melastomataceae","Miconia","Miconia elegans","Tree","Widespread","Mesic","ER","Zoochory",NA,NA,NA,NA,"ND","Miconia_elegans"
"354","Myrtales","Melastomataceae","Miconia","Miconia ferruginata","Tree","Widespread","Xeric",NA,"Zoochory",NA,NA,0.013675,NA,"ND","Miconia_ferruginata"
"355","Myrtales","Melastomataceae","Miconia","Miconia ibaguensis","Shrub","Widespread","Mesic",NA,"Zoochory",NA,NA,0.0012,NA,"ND","Miconia_ibaguensis"
"356","Myrtales","Melastomataceae","Miconia","Miconia irwinii","Tree","Widespread","Xeric","LD","Zoochory",NA,NA,0.0736375,NA,"ND","Miconia_irwinii"
"357","Myrtales","Melastomataceae","Miconia","Miconia ligustroides","Shrub","Widespread","Xeric",NA,"Zoochory",NA,NA,0.010325,NA,"ND","Miconia_ligustroides"
"358","Myrtales","Melastomataceae","Miconia","Miconia rubiginosa","Tree","Widespread","Xeric",NA,"Zoochory",NA,NA,NA,NA,"ND","Miconia_rubiginosa"
"359","Myrtales","Melastomataceae","Miconia","Miconia stenostachya","Shrub","Widespread","Xeric",NA,"Zoochory",NA,NA,0.0041,NA,"ND","Miconia_stenostachya"
"360","Myrtales","Melastomataceae","Miconia","Miconia theaezans","Shrub","Widespread","Mesic",NA,"Zoochory",NA,NA,0.00138,NA,"ND","Miconia_theaezans"
"361","Myrtales","Melastomataceae","Microlicia","Microlicia avicularis","Shrub","Restricted","Xeric",NA,"Autochory",NA,NA,NA,NA,"NC","Microlicia_avicularis"
"362","Myrtales","Melastomataceae","Microlicia","Microlicia graveolens","Shrub","Restricted","Mesic",NA,"Autochory",NA,NA,NA,NA,"ND","Microlicia_graveolens"
"363","Myrtales","Melastomataceae","Microlicia","Microlicia fulva","Shrub","Restricted","Xeric",NA,"Autochory",NA,NA,0.00035,NA,"ND","Microlicia_fulva"
"364","Myrtales","Melastomataceae","Microlicia","Microlicia tetrasticha","Shrub","Restricted","Xeric",NA,"Autochory",NA,NA,0.00043,NA,"NC","Microlicia_tetrasticha"
"365","Myrtales","Melastomataceae","Pleroma","Tibouchina candolleana","Tree","Widespread","Xeric","ER","Autochory",NA,NA,NA,NA,"ND","Tibouchina_candolleana"
"366","Myrtales","Melastomataceae","Pleroma","Tibouchina cardinalis","Shrub","Widespread","Xeric","ED","Autochory",61,20.4,0.002825,NA,"D","Tibouchina_cardinalis"
"367","Myrtales","Melastomataceae","Pleroma","Tibouchina heteromalla","Shrub","Widespread","Xeric",NA,"Autochory",NA,NA,0.002775,NA,"ND","Pleroma_heteromallum"
"368","Myrtales","Melastomataceae","Pleroma","Tibouchina martiusiana","Shrub","Restricted","Xeric",NA,"Autochory",NA,NA,8e-04,NA,"ND","Pleroma_martiusianum"
"369","Myrtales","Melastomataceae","Pterolepis","Pterolepis alpestris","Shrub","Widespread","Mesic",NA,"Autochory",NA,NA,NA,NA,"ND","Pterolepis_alpestris"
"370","Myrtales","Melastomataceae","Rhynchanthera","Rhynchanthera cordata","Shrub","Widespread","Mesic",NA,"Autochory",NA,NA,0.00255,NA,"ND","Rhynchanthera_cordata"
"371","Myrtales","Melastomataceae","Rhynchanthera","Rhynchanthera grandiflora","Shrub","Widespread","Mesic",NA,"Autochory",NA,NA,0.0011875,NA,"ND","Rhynchanthera_grandiflora"
"372","Myrtales","Melastomataceae","Trembleya","Trembleya laniflora","Shrub","Restricted","Xeric",NA,"Autochory",NA,NA,5e-04,NA,"ND","Microlicia_laniflora"
"373","Myrtales","Melastomataceae","Trembleya","Trembleya parviflora","Shrub","Widespread","Mesic",NA,"Autochory",NA,NA,NA,NA,"ND","Microlicia_parviflora"
"374","Myrtales","Melastomataceae","Miconia","Miconia ligustroides","Shrub","Widespread","Xeric","ED","Zoochory",87.2,1.8,0.0061,NA,"D","Miconia_ligustroides"
"375","Myrtales","Melastomataceae","Miconia","Miconia pepericarpa","Shrub","Widespread","Xeric","ED","Zoochory",82,12.6,0.018,NA,"D","Miconia_pepericarpa"
"376","Fabales","Fabaceae","Mimosa","Mimosa foliolosa","Shrub","Widespread","Xeric","ED","Autochory",NA,NA,NA,NA,"D","Mimosa_foliolosa"
"377","Pandanales","Velloziaceae","Vellozia","Vellozia aloifolia","Shrub","Restricted","Xeric","ER","Autochory",NA,NA,1.21,NA,"ND","Vellozia_aloifolia"
"378","Pandanales","Velloziaceae","Vellozia","Vellozia ciliata","Herb","Restricted","Xeric","ER","Autochory",NA,NA,0.55,NA,"ND","Vellozia_ciliata"
"379","Pandanales","Velloziaceae","Vellozia","Vellozia glauca","Shrub","Widespread","Xeric","ER","Autochory",NA,NA,0.86,NA,"ND","Vellozia_glauca"
"380","Pandanales","Velloziaceae","Vellozia","Vellozia hatschbachii","Shrub","Restricted","Xeric","ER","Autochory",NA,NA,0.52,NA,"ND","Vellozia_hatschbachii"
"381","Pandanales","Velloziaceae","Vellozia","Vellozia hirsuta","Shrub","Restricted","Xeric","LD","Autochory",NA,NA,0.89,NA,"ND","Vellozia_hirsuta"
"382","Pandanales","Velloziaceae","Vellozia","Vellozia maxillarioides","Shrub","Restricted","Xeric","LD","Autochory",NA,NA,0.04,NA,"D","Vellozia_maxillarioides"
"383","Pandanales","Velloziaceae","Vellozia","Vellozia minima","Herb","Restricted","Mesic/Xeric","ED","Autochory",NA,NA,0.04,NA,"ND","Vellozia_minima"
"384","Pandanales","Velloziaceae","Vellozia","Vellozia ornata",NA,"Restricted","Xeric","LD","Autochory",NA,NA,0.27,NA,"NC","Vellozia_ornata"
"385","Pandanales","Velloziaceae","Vellozia","Vellozia pusilla","Herb","Restricted","Xeric","ED","Autochory",NA,NA,0.46,NA,"ND","Vellozia_pusilla"
"386","Pandanales","Velloziaceae","Vellozia","Vellozia resinosa","Shrub","Restricted","Xeric","LD","Autochory",NA,NA,0.56,NA,"ND","Vellozia_resinosa"
"387","Pandanales","Velloziaceae","Vellozia","Vellozia seubertiana","Shrub","Widespread","Xeric","LD","Autochory",NA,NA,0.27,NA,"ND","Vellozia_seubertiana"
"388","Pandanales","Velloziaceae","Vellozia","Vellozia spiralis","Shrub","Restricted","Xeric","LD","Autochory",NA,NA,0.17,NA,"ND","Vellozia_spiralis"
"389","Pandanales","Velloziaceae","Vellozia","Vellozia stenocarpa","Shrub","Restricted","Mesic/Xeric","LD","Autochory",NA,NA,0.39,NA,"ND","Vellozia_stenocarpa"
"390","Myrtales","Melastomataceae","Trembleya","Trembleya laniflora","Shrub","Restricted","Xeric",NA,"Autochory",85.6,NA,NA,NA,"NC","Microlicia_laniflora"
"391","Poales","Bromeliaceae","Dyckia","Dyckia sordida","Herb","Restricted","Xeric","ED","Anemochory",NA,NA,NA,13.4,"NC","Dyckia_sordida"
"392","Poales","Bromeliaceae","Dyckia","Dyckia ursina","Herb","Restricted","Xeric","ED","Anemochory",NA,NA,NA,28.3,"ND","Dyckia_ursina"
"393","Poales","Bromeliaceae","Encholirium","Encholirium heloisae","Herb","Restricted","Xeric","ED","Anemochory",NA,NA,NA,19,"ND","Encholirium_heloisae"
"394","Poales","Bromeliaceae","Encholirium","Encholirium magalhaesii","Herb","Restricted","Xeric","ED","Anemochory",NA,NA,NA,14.6,"ND","Encholirium_magalhaesii"
"395","Poales","Bromeliaceae","Encholirium","Encholirium pedicellatum","Herb","Restricted","Xeric","ED","Anemochory",NA,NA,NA,13.7,"ND","Encholirium_pedicellatum"
"396","Poales","Bromeliaceae","Encholirium","Encholirium reflexum","Herb","Restricted","Xeric","ED","Anemochory",NA,NA,NA,11.2,"ND","Encholirium_reflexum"
"397","Poales","Bromeliaceae","Encholirium","Encholirium scrutor","Herb","Restricted","Xeric","ED","Anemochory",NA,NA,NA,24,"NC","Encholirium_scrutor"
"398","Poales","Bromeliaceae","Encholirium","Encholirium subsecundum","Herb","Restricted","Xeric","ED","Anemochory",NA,NA,NA,12.7,"ND","Encholirium_subsecundum"
"399","Asterales","Asteraceae","Eremanthus","Eremanthus incanus","Tree","Widespread","Xeric","ER","Anemochory",NA,NA,0.23,NA,"ND","Eremanthus_incanus"
"400","Asterales","Asteraceae","Eremanthus","Eremanthus elaeagnus","Tree","Widespread","Mesic/Xeric","LD","Anemochory",NA,26,NA,NA,"NC","Eremanthus_elaeagnus"
"401","Asterales","Asteraceae","Eremanthus","Eremanthus glomerulatus","Tree","Widespread","Mesic/Xeric",NA,"Anemochory",85,NA,NA,NA,"NC","Eremanthus_glomeratus"
"402","Asterales","Asteraceae","Eremanthus","Eremanthus incanus","Tree","Widespread","Mesic/Xeric","ER","Anemochory",NA,NA,NA,NA,"NC","Eremanthus_incanus"
"403","Pandanales","Velloziaceae","Vellozia","Vellozia alutacea","Herb","Widespread","Mesic/Xeric",NA,"Autochory",NA,NA,NA,NA,"ND","Vellozia_alutacea"
"404","Pandanales","Velloziaceae","Vellozia","Vellozia caruncularis",NA,"Restricted","Xeric","LR","Autochory",NA,NA,NA,NA,"ND","Vellozia_caruncularis"
"405","Pandanales","Velloziaceae","Vellozia","Vellozia intermedia",NA,"Restricted","Xeric",NA,"Autochory",NA,NA,NA,NA,"ND","Vellozia_intermedia"
"406","Pandanales","Velloziaceae","Vellozia","Vellozia albiflora","Herb","Restricted","Xeric","LR","Autochory",NA,NA,0.73,NA,"ND","Vellozia_albiflora"
"407","Pandanales","Velloziaceae","Vellozia","Vellozia alutacea","Herb","Widespread","Mesic/Xeric",NA,"Autochory",NA,NA,0.21,NA,"ND","Vellozia_alutacea"
"408","Pandanales","Velloziaceae","Vellozia","Vellozia caruncularis","Herb","Restricted","Xeric","LR","Autochory",NA,NA,0.16,NA,"ND","Vellozia_caruncularis"
"409","Pandanales","Velloziaceae","Vellozia","Vellozia gigantea","Tree","Restricted","Xeric","ER","Autochory",NA,NA,0.47,NA,"ND","Vellozia_gigantea"
"410","Pandanales","Velloziaceae","Vellozia","Vellozia glabra","Shrub","Restricted","Xeric",NA,"Autochory",NA,NA,0.66,NA,"ND","Vellozia_glabra"
"411","Pandanales","Velloziaceae","Vellozia","Vellozia glandulifera","Herb","Restricted","Xeric","ER","Autochory",NA,NA,0.49,NA,"ND","Vellozia_glandulifera"
"412","Pandanales","Velloziaceae","Vellozia","Vellozia glauca","Tree","Widespread","Xeric","ER","Autochory",NA,NA,0.86,NA,"ND","Vellozia_glauca"
"413","Pandanales","Velloziaceae","Vellozia","Vellozia intermedia","Herb","Restricted","Xeric","LR","Autochory",NA,NA,0.29,NA,"ND","Vellozia_intermedia"
"414","Pandanales","Velloziaceae","Vellozia","Vellozia lilacina","Shrub","Restricted","Xeric","LR","Autochory",NA,NA,0.61,NA,"ND","Vellozia_lilacina"
"415","Pandanales","Velloziaceae","Vellozia","Vellozia nivea","Shrub","Restricted","Xeric",NA,"Autochory",NA,NA,0.18,NA,"ND","Vellozia_nivea"
"416","Pandanales","Velloziaceae","Vellozia","Vellozia pusilla","Herb","Restricted","Xeric","ED","Autochory",NA,NA,0.4,NA,"ND","Vellozia_pusilla"
"417","Poales","Bromeliaceae","Pitcairnia","Pitcairnia albiflos","Herb","Restricted","Xeric",NA,"Anemochory",NA,NA,NA,NA,"NC","Pitcairnia_albiflos"
"418","Poales","Bromeliaceae","Pitcairnia","Pitcairnia staminea","Herb","Restricted","Xeric",NA,"Anemochory",NA,NA,NA,NA,"NC","Pitcairnia_staminea"
"419","Asterales","Asteraceae","Cavalcantia","Cavalcantia glomerata","Herb","Widespread","Xeric",NA,"Anemochory",1,92,0.05275,9.4,"D","Cavalcantia_glomerata"
"420","Asterales","Asteraceae","Cavalcantia","Cavalcantia percymosa","Herb","Widespread","Mesic",NA,"Anemochory",2,92,0.0665,4.5,"D","Cavalcantia_percymosa"
"421","Asterales","Asteraceae","Lepidaploa","Lepidaploa arenaria","Shrub","Widespread","Xeric",NA,"Anemochory",66,17,0.49575,8.9,"ND","Lepidaploa_arenaria"
"422","Asterales","Asteraceae","Lepidaploa","Lepidaploa paraensis","Shrub","Widespread","Mesic/Xeric",NA,"Anemochory",93,5,0.287,7.6,"NC","Lepidaploa_paraensis"
"423","Asterales","Asteraceae","Monogereion","Monogereion carajensis","Herb","Widespread","Xeric",NA,"Anemochory",0,91,0.062,14.2,"D","Monogereion_carajensis"
"424","Asterales","Asteraceae","Parapiqueria","Parapiqueria cavalcantei","Herb","Widespread","Mesic/Xeric",NA,"Autochory",12,29,0.0105,9.8,"ND","Parapiqueria_cavalcantei"
"425","Asterales","Asteraceae","Praxelis","Praxelis asperulacea","Herb","Widespread","Mesic/Xeric",NA,"Zoochory",20,64,0.2375,9.1,"ND","Praxelis_asperulacea"
"426","Lamiales","Bignoniaceae","Anemopaegma","Anemopaegma carajasense","Shrub","Restricted","Xeric",NA,"Anemochory",0,74,36.637,7.2,"ND","Anemopaegma_paraense"
"427","Poales","Bromeliaceae","Dyckia","Dyckia duckei","Herb","Restricted","Xeric",NA,"Anemochory",30,43,0.976,13.5,"ND","Dyckia_duckei"
"428","Solanales","Convolvulaceae","Ipomoea","Ipomoea cavalcantei","Liana","Widespread","Mesic",NA,"Autochory",0,86,24.184,11.3,"D","Ipomoea_cavalcantei"
"429","Solanales","Convolvulaceae","Ipomoea","Ipomoea marabaensis","Liana","Restricted","Mesic/Xeric",NA,"Autochory",0,29,36.563,10.3,"D","Ipomoea_marabensis"
"430","Solanales","Convolvulaceae","Ipomoea","Ipomoea maurandioides","Liana","Widespread","Xeric",NA,"Autochory",0,83,20.7,7.8,"D","Ipomoea_maurandioides"
"431","Solanales","Convolvulaceae","Operculina","Operculina hamiltonii","Liana","Widespread","Mesic/Xeric",NA,"Autochory",0,84,151.793,6,"D","Operculina_hamiltonii"
"432","Poales","Cyperaceae","Bulbostylis","Bulbostylis cangae","Herb","Restricted","Xeric",NA,"Autochory",12,70,0.137,7.7,"D","Bulbostylis_cangae"
"433","Poales","Cyperaceae","Bulbostylis","Bulbostylis conifera","Herb","Widespread","Xeric",NA,"Autochory",8,45,0.86,4.6,"D","Bulbostylis_conifera"
"434","Poales","Cyperaceae","Hypolytrum","Hypolytrum paraense","Herb","Widespread","Mesic",NA,"Autochory",0,78,12.611,14.8,"D","Hypolytrum_paraense"
"435","Poales","Eriocaulaceae","Paepalanthus","Paepalanthus fasciculoides","Herb","Widespread","Xeric",NA,"Anemochory",0,89,2.2805,3.9,"D","Paepalanthus_fasciculoides"
"436","Fabales","Fabaceae","Bauhinia","Bauhinia pulchella","Shrub","Widespread","Mesic/Xeric",NA,"Autochory",3,68,44.725,15.9,"ND","Bauhinia_pulchella"
"437","Fabales","Fabaceae","Chamaecrista","Chamaecrista desvauxii","Shrub","Widespread","Mesic/Xeric",NA,"Autochory",8,82,7.2975,8.9,"ND","Chamaecrista_desvauxii"
"438","Fabales","Fabaceae","Dioclea","Dioclea apurensis","Liana","Widespread","Mesic/Xeric",NA,"Autochory",5,80,175.152,10,"D","Dioclea_apurensis"
"439","Fabales","Fabaceae","Mimosa","Mimosa acutistipula var. ferrea","Shrub","Widespread","Xeric",NA,"Autochory",0,96,6.1285,10.7,"ND","Mimosa_acutistipula"
"440","Fabales","Fabaceae","Mimosa","Mimosa dasilvae","Shrub","Restricted","Mesic",NA,"Autochory",0,64,13.143,11.8,"ND","Mimosa_dasilvae"
"441","Fabales","Fabaceae","Mimosa","Mimosa skinneri var. carajarum","Herb","Restricted","Mesic",NA,"Autochory",0,80,8.32825,7.5,"D","Mimosa_skinneri"
"442","Gentianales","Gentianaceae","Chelonanthus","Chelonanthus purpurascens","Herb","Widespread","Mesic",NA,"Autochory",2,63,0.02075,10.2,"ND","Calolisianthus_purpurascens"
"443","Lamiales","Lentibulariaceae","Utricularia","Utricularia neottioides","Herb","Widespread","Mesic",NA,"Autochory",3,55,0.00325,23,"D","Utricularia_neottioides"
"444","Lamiales","Lentibulariaceae","Utricularia","Utricularia physoceras","Herb","Restricted","Mesic/Xeric",NA,"Autochory",5,64,0.00375,25,"D","Utricularia_physoceras"
"445","Lamiales","Lentibulariaceae","Utricularia","Utricularia subulata","Herb","Widespread","Mesic",NA,"Autochory",3,57,NA,NA,"D","Utricularia_subulata"
"446","Myrtales","Melastomataceae","Brasilianthus","Brasilianthus carajensis","Herb","Restricted","Mesic/Xeric",NA,"Autochory",22,47,0.03275,6.2,"ND","Brasilianthus_carajensis"
"447","Myrtales","Melastomataceae","Pleroma","Pleroma carajasense","Shrub","Widespread","Xeric",NA,"Anemochory",40,50,0.081,NA,"ND","Pleroma_riedelianum"
"448","Myrtales","Melastomataceae","Tibouchina","Tibouchina edmundoi","Shrub","Widespread","Xeric",NA,"Autochory",98,2,0.007,12.21,"ND","Tibouchina_edmundoi"
"449","Malpighiales","Ochnaceae","Sauvagesia","Sauvagesia tenella","Herb","Widespread","Mesic/Xeric",NA,"Autochory",5,72,0.01230769231,5.5,"D","Sauvagesia_tenella"
"450","Asparagales","Orchidaceae","Epidendrum","Epidendrum nocturnum","Herb","Widespread","Mesic/Xeric",NA,"Anemochory",0,NA,0.5638,21.7,"NC","Epidendrum_nocturnum"
"451","Asparagales","Orchidaceae","Sobralia","Sobralia liliastrum","Herb","Widespread","Xeric",NA,"Anemochory",0,NA,0.5638,22.5,"NC","Sobralia_liliastrum"
"452","Lamiales","Orobanchaceae","Buchnera","Buchnera carajasensis","Herb","Widespread","Mesic",NA,"Autochory",7,26,0.02525,4.8,"D","Buchnera_carajasensis"
"453","Poales","Poaceae","Axonopus","Axonopus carajasensis","Herb","Widespread","Xeric",NA,"Autochory",82,7,0.22975,9.99,"NC","Axonopus_siccus"
"454","Poales","Poaceae","Axonopus","Axonopus longispicus","Herb","Widespread","Mesic",NA,"Autochory",84,16,0.17825,11.1,"ND","Axonopus_longispicus"
"455","Poales","Poaceae","Paspalum","Paspalum cangarum","Herb","Restricted","Mesic",NA,"Anemochory",96,1,0.54525,10.3,"NC","Paspalum_cangarum"
"456","Poales","Poaceae","Paspalum","Paspalum cinerascens","Herb","Widespread","Mesic",NA,"Anemochory",90,4,0.18275,10.8,"NC","Paspalum_cinerascens"
"457","Poales","Poaceae","Sporobolus","Sporobolus multiramosus","Herb","Widespread","Xeric",NA,"Autochory",1,67,0.33325,12.4,"ND","Sporobolus_multiramosus"
"458","Poales","Poaceae","Trachypogon","Trachypogon spicatus","Herb","Widespread","Mesic/Xeric",NA,"Zoochory",82,18,1.063,7.7,"ND","Trachypogon_spicatus"
"459","Gentianales","Rubiaceae","Borreria","Borreria carajasensis","Shrub","Restricted","Mesic/Xeric",NA,"Autochory",3,56,0.5805,11.5,"D","Spermacoce_carajasensis"
"460","Gentianales","Rubiaceae","Borreria","Borreria elaiosulcata","Shrub","Restricted","Mesic/Xeric",NA,"Autochory",2,87,0.57925,10.4,"ND","Spermacoce_elaiosulcata"
"461","Gentianales","Rubiaceae","Carajasia","Carajasia cangae","Herb","Restricted","Xeric",NA,"Autochory",2,61,0.05775,13,"D","Carajasia_cangae"
"462","Gentianales","Rubiaceae","Mitracarpus","Mitracarpus carajasensis","Herb","Restricted","Xeric",NA,"Autochory",0,84,0.11075,12.7,"ND","Mitracarpus_carajasensis"
"463","Sapindales","Rutaceae","Pilocarpus","Pilocarpus microphyllus","Shrub","Widespread","Xeric",NA,"Autochory",0,83,38.205,7.7,"ND","Pilocarpus_microphyllus"
"464","Pandanales","Velloziaceae","Vellozia","Vellozia glauca","Shrub","Widespread","Xeric",NA,"Autochory",18,77,1.045,26.4,"ND","Vellozia_glauca"
"465","Poales","Xyridaceae","Xyris","Xyris brachysepala","Herb","Restricted","Mesic",NA,"Autochory",0,86,0.03125,10.8,"ND","Xyris_brachysepala"
"466","Pandanales","Velloziaceae","Vellozia","Vellozia albiflora",NA,"Restricted","Xeric","LR","Autochory",NA,62.1,NA,NA,"ND","Vellozia_albiflora"
"467","Pandanales","Velloziaceae","Vellozia","Vellozia compacta","Shrub","Restricted","Xeric","LR","Autochory",NA,90.1,NA,NA,"ND","Vellozia_compacta"
"468","Pandanales","Velloziaceae","Vellozia","Vellozia glochidea","Shrub","Widespread","Xeric","ED","Autochory",NA,97.5,NA,NA,"ND","Vellozia_glochidea"
"469","Pandanales","Velloziaceae","Vellozia","Vellozia goiasensis","Shrub","Widespread","Xeric","LD","Autochory",NA,53.4,NA,NA,"ND","Vellozia_goiasensis"
"470","Pandanales","Velloziaceae","Vellozia","Vellozia lilacina",NA,"Restricted","Xeric","ED","Autochory",NA,61.4,NA,NA,"ND","Vellozia_lilacina"
"471","Pandanales","Velloziaceae","Vellozia","Vellozia squamata","Shrub","Widespread","Mesic/Xeric","ED","Autochory",NA,64.1,NA,NA,"ND","Vellozia_squamata"
"472","Pandanales","Velloziaceae","Vellozia","Vellozia variabilis","Shrub","Widespread","Xeric","ED","Autochory",NA,91.3,NA,NA,"ND","Vellozia_alutacea"
"473","Fabales","Fabaceae","Mimosa","Mimosa foliolosa","Shrub","Widespread","Xeric","ER","Autochory",NA,27.4,NA,NA,"D","Mimosa_foliolosa"
"474","Myrtales","Melastomataceae","Fritzschia","Comolia sertularia","Shrub","Widespread","Xeric","ER","Autochory",NA,11.3,NA,NA,"D","Fritzschia_sertularia"
"475","Myrtales","Melastomataceae","Pleroma","Pleroma cardinale","Shrub","Widespread","Xeric","LR","Autochory",NA,27.6,0.05,14.6,"ND","Pleroma_cardinale"
"476","Myrtales","Melastomataceae","Cambessedesia","Cambessedesia regnelliana","Shrub","Widespread","Xeric","LD","Autochory",NA,NA,NA,NA,"ND","Cambessedesia_regnelliana"
"477","Myrtales","Melastomataceae","Miconia","Miconia angelana","Shrub","Widespread","Mesic",NA,"Zoochory",6.3,NA,NA,NA,"ND","Miconia_angelana"
"478","Myrtales","Melastomataceae","Microlicia","Microlicia inquinans","Shrub","Restricted","Xeric",NA,"Autochory",NA,NA,NA,NA,"D","Microlicia_inquinans"
"479","Myrtales","Melastomataceae","Pleroma","Svitramia hatschbachii","Shrub","Restricted","Xeric",NA,"Autochory",NA,NA,NA,NA,"NC","Pleroma_gertii"
"480","Myrtales","Melastomataceae","Pleroma","Svitramia minor","Tree","Restricted","Xeric",NA,"Autochory",NA,NA,NA,NA,"NC","Pleroma_minus"
"481","Malpighiales","Calophyllaceae","Kielmeyera","Kielmeyera regalis","Shrub","Widespread","Xeric",NA,"Anemochory",NA,NA,NA,NA,"ND","Kielmeyera_regalis"
"482","Fabales","Fabaceae","Bauhinia","Bauhinia pentandra",NA,"Widespread","Mesic/Xeric",NA,"Autochory",NA,NA,NA,NA,"ND","Bauhinia_pentandra"
"483","Malvales","Malvaceae","Pavonia","Pavonia viscosa","Shrub","Restricted","Xeric",NA,"Zoochory",NA,NA,NA,NA,"D","Pavonia_viscosa"
"484","Solanales","Solanaceae","Solanum","Solanum lycocarpum",NA,NA,"Mesic/Xeric",NA,"Zoochory",NA,NA,NA,NA,"NC","Solanum_lycocarpum"
"485","Asterales","Asteraceae","Lychnophora","Lychnophora ericoides","Tree","Restricted","Xeric",NA,"Autochory",79.1,NA,NA,NA,"NC","Lychnophora_ericoides"
"486","Fabales","Fabaceae","Collaea","Collaea cipoensis","Shrub","Restricted","Mesic/Xeric","LR","Autochory",NA,NA,NA,NA,"ND","Collaea_cipoensis"
"487","Malpighiales","Ochnaceae","Luxemburgia","Luxemburgia ciliatibracteata","Shrub","Restricted","Xeric","LR","Autochory",NA,NA,NA,NA,"ND","Luxemburgia_ciliatibracteata"
"488","Caryophyllales","Cactaceae","Arthrocereus","Arthrocereus glaziovii","Succulent","Restricted","Xeric",NA,"Zoochory",NA,NA,NA,NA,"NC","Echinopsis_glaziovii"
"489","Poales","Poaceae","Eragrostis","Eragrostis polytricha","Herb","Widespread","Mesic","ED","Autochory",NA,NA,NA,NA,"D","Eragrostis_polytricha"
"490","Asparagales","Orchidaceae","Cattleya","Cattleya crispata","Herb","Restricted","Xeric",NA,"Anemochory",NA,NA,NA,NA,"ND","Cattleya_crispata"
"491","Poales","Eriocaulaceae","Comanthera","Comanthera elegans","Herb","Restricted","Mesic/Xeric",NA,"Anemochory",NA,NA,NA,NA,"NC","Comanthera_elegans"
"492","Myrtales","Melastomataceae","Pleroma","Pleroma cardinale","Shrub","Widespread","Xeric","ER","Autochory",NA,15,NA,NA,"ND","Pleroma_cardinale"
