n,ID,Species_reported,Species_accepted,Treatment_type,Treatment,Treatment_application,HeatShock_Treatment,Smoke,GermSeeds,nSeeds,D0,D1,D2,D3,D4,D5,D6,D7,D8,D9,D10,D11,D12,D13,D14,D15,D16,D17,D18,D19,D20,D21,D22,D23,D24,D25,D26,D27,D28,D29,D30,Growth_form,Distribution,Microhabitat,Dry_mass,Dormancy,Species_acceptedLCVP,t50_Farooq
1,19,Vellozia nanuzae,Vellozia nanuzae,Single,Heat,0,Control,Control,22,26,0,0,0,0,0,0,0,0,3,5,0,0,5,1,3,0,0,2,1,0,0,0,2,0,0,0,0,0,0,0,0,Shrub,Restricted,Xeric,0.58,ND,Vellozia_nanuzae,12.6
2,19,Vellozia nanuzae,Vellozia nanuzae,Single,Heat,0,Control,Control,21,26,0,0,0,0,0,0,1,2,3,5,0,0,0,2,1,2,0,2,0,2,0,0,1,0,0,0,0,0,0,0,0,Shrub,Restricted,Xeric,0.58,ND,Vellozia_nanuzae,9.9
3,19,Vellozia nanuzae,Vellozia nanuzae,Single,Heat,0,Control,Control,17,25,0,0,0,0,0,0,0,2,0,5,3,2,1,0,2,0,0,0,0,0,0,0,1,0,0,1,0,0,0,0,0,Shrub,Restricted,Xeric,0.58,ND,Vellozia_nanuzae,10.5
4,19,Vellozia nanuzae,Vellozia nanuzae,Single,Heat,0,Control,Control,26,26,0,0,0,0,0,0,0,8,0,5,0,0,0,2,2,0,2,1,1,0,1,0,1,0,0,2,1,0,0,0,0,Shrub,Restricted,Xeric,0.58,ND,Vellozia_nanuzae,NA
5,19,Vellozia nanuzae,Vellozia nanuzae,Single,Heat,0,Control,Control,22,26,0,0,0,0,0,0,3,1,1,2,5,1,1,1,1,2,0,3,0,1,0,0,0,0,0,0,0,0,0,0,0,Shrub,Restricted,Xeric,0.58,ND,Vellozia_nanuzae,10.8
6,19,Vellozia resinosa,Vellozia resinosa,Single,Heat,0,Control,Control,18,25,0,0,0,0,0,0,2,1,2,7,1,0,2,0,2,0,0,0,0,0,1,0,0,0,0,0,0,0,0,0,0,Shrub,Restricted,Xeric,0.56,ND,Vellozia_resinosa,9.571428571
7,19,Vellozia resinosa,Vellozia resinosa,Single,Heat,0,Control,Control,21,25,0,0,0,0,0,0,4,0,3,7,1,1,3,0,0,1,0,1,0,0,0,0,0,0,0,0,0,0,0,0,0,Shrub,Restricted,Xeric,0.56,ND,Vellozia_resinosa,9.5
8,19,Vellozia resinosa,Vellozia resinosa,Single,Heat,0,Control,Control,19,27,0,0,0,0,0,0,6,1,1,5,0,3,0,0,0,2,0,1,0,0,0,0,0,0,0,0,0,0,0,0,0,Shrub,Restricted,Xeric,0.56,ND,Vellozia_resinosa,9.3
9,19,Vellozia resinosa,Vellozia resinosa,Single,Heat,0,Control,Control,21,26,0,0,0,0,0,0,6,1,4,6,2,0,2,0,0,0,0,0,0,0,0,0,0,0,0,0,0,0,0,0,0,Shrub,Restricted,Xeric,0.56,ND,Vellozia_resinosa,8.875
10,19,Vellozia resinosa,Vellozia resinosa,Single,Heat,0,Control,Control,25,25,0,0,0,0,0,0,9,0,4,4,2,0,3,0,3,0,0,0,0,0,0,0,0,0,0,0,0,0,0,0,0,Shrub,Restricted,Xeric,0.56,ND,Vellozia_resinosa,8.875
11,19,Vellozia variabilis,Vellozia variabilis,Single,Heat,0,Control,Control,24,25,0,0,0,0,0,12,1,4,0,1,0,1,1,0,1,1,0,1,0,0,0,0,0,0,0,1,0,0,0,0,0,Shrub,Widespread,Xeric,0.22,ND,Vellozia_alutacea,6
12,19,Vellozia variabilis,Vellozia variabilis,Single,Heat,0,Control,Control,25,25,0,0,0,0,0,12,1,6,0,0,1,0,0,1,0,1,1,0,1,0,1,0,0,0,0,0,0,0,0,0,0,Shrub,Widespread,Xeric,0.22,ND,Vellozia_alutacea,6.5
13,19,Vellozia variabilis,Vellozia variabilis,Single,Heat,0,Control,Control,21,25,0,0,0,0,0,12,1,3,0,3,0,0,0,0,1,0,0,1,0,0,0,0,0,0,0,0,0,0,0,0,0,Shrub,Widespread,Xeric,0.22,ND,Vellozia_alutacea,5.875
14,19,Vellozia variabilis,Vellozia variabilis,Single,Heat,0,Control,Control,18,25,0,0,0,0,0,7,0,3,0,1,0,1,0,2,1,0,1,0,0,0,0,0,0,0,2,0,0,0,0,0,0,Shrub,Widespread,Xeric,0.22,ND,Vellozia_alutacea,7.666666667
15,19,Vellozia variabilis,Vellozia variabilis,Single,Heat,0,Control,Control,22,25,0,0,0,0,0,12,1,5,0,2,0,0,0,0,0,0,0,0,0,0,0,0,2,0,0,0,0,0,0,0,0,Shrub,Widespread,Xeric,0.22,ND,Vellozia_alutacea,5.916666667
16,19,Xyris pilosa,Xyris pilosa,Single,Heat,0,Control,Control,20,20,0,0,0,0,0,0,1,2,0,0,0,0,0,0,6,1,0,0,0,0,0,0,0,0,8,2,0,0,0,0,0,Herb,Restricted,Mesic,0.042,ND,Xyris_pilosa,NA
17,19,Xyris pilosa,Xyris pilosa,Single,Heat,0,Control,Control,16,20,0,0,0,0,0,0,2,0,0,0,1,0,0,0,5,0,0,0,0,2,0,0,0,0,2,0,4,0,0,0,0,Herb,Restricted,Mesic,0.042,ND,Xyris_pilosa,NA
18,19,Xyris pilosa,Xyris pilosa,Single,Heat,0,Control,Control,25,25,0,0,0,0,0,0,0,0,0,1,0,0,3,0,7,1,0,1,9,0,0,0,0,0,3,0,0,0,0,0,0,Herb,Restricted,Mesic,0.042,ND,Xyris_pilosa,17.5
19,19,Xyris pilosa,Xyris pilosa,Single,Heat,0,Control,Control,30,32,0,0,0,0,0,0,2,2,3,1,0,0,1,1,4,2,0,1,0,0,0,0,0,0,8,3,2,0,0,0,0,Herb,Restricted,Mesic,0.042,ND,Xyris_pilosa,15.5
20,19,Xyris pilosa,Xyris pilosa,Single,Heat,0,Control,Control,30,33,0,0,0,0,0,0,1,2,0,0,2,0,4,7,0,1,1,3,3,1,0,0,0,0,4,0,1,0,0,0,0,Herb,Restricted,Mesic,0.042,ND,Xyris_pilosa,13.85714286
21,19,Vellozia nanuzae,Vellozia nanuzae,Single,Heat,1,100*5,NA,21,25,0,0,0,0,0,0,2,0,2,1,4,0,7,0,1,0,2,2,0,0,0,0,0,0,0,0,0,0,0,0,0,Shrub,Restricted,Xeric,0.58,ND,Vellozia_nanuzae,12.21428571
22,19,Vellozia nanuzae,Vellozia nanuzae,Single,Heat,1,100*5,NA,23,26,0,0,0,0,0,0,0,0,1,2,0,1,6,0,0,2,2,3,0,3,0,0,3,0,0,0,0,0,0,0,0,Shrub,Restricted,Xeric,0.58,ND,Vellozia_nanuzae,15.75
23,19,Vellozia nanuzae,Vellozia nanuzae,Single,Heat,1,100*5,NA,14,23,0,0,0,0,0,0,0,0,0,0,0,4,0,0,2,6,0,1,1,0,0,0,0,0,0,0,0,0,0,0,0,Shrub,Restricted,Xeric,0.58,ND,Vellozia_nanuzae,15.16666667
24,19,Vellozia nanuzae,Vellozia nanuzae,Single,Heat,1,100*5,NA,23,26,0,0,0,0,0,0,2,0,3,2,2,1,6,0,2,1,0,0,2,1,0,0,1,0,0,0,0,0,0,0,0,Shrub,Restricted,Xeric,0.58,ND,Vellozia_nanuzae,12.25
25,19,Vellozia nanuzae,Vellozia nanuzae,Single,Heat,1,100*5,NA,22,26,0,0,0,0,0,0,1,2,2,1,2,3,4,0,2,0,2,2,1,0,0,0,0,0,0,0,0,0,0,0,0,Shrub,Restricted,Xeric,0.58,ND,Vellozia_nanuzae,12
26,19,Vellozia resinosa,Vellozia resinosa,Single,Heat,1,100*5,NA,0,26,0,0,0,0,0,0,0,0,0,0,0,0,0,0,0,0,0,0,0,0,0,0,0,0,0,0,0,0,0,0,0,Shrub,Restricted,Xeric,0.56,ND,Vellozia_resinosa,NA
27,19,Vellozia resinosa,Vellozia resinosa,Single,Heat,1,100*5,NA,0,25,0,0,0,0,0,0,0,0,0,0,0,0,0,0,0,0,0,0,0,0,0,0,0,0,0,0,0,0,0,0,0,Shrub,Restricted,Xeric,0.56,ND,Vellozia_resinosa,NA
28,19,Vellozia resinosa,Vellozia resinosa,Single,Heat,1,100*5,NA,0,25,0,0,0,0,0,0,0,0,0,0,0,0,0,0,0,0,0,0,0,0,0,0,0,0,0,0,0,0,0,0,0,Shrub,Restricted,Xeric,0.56,ND,Vellozia_resinosa,NA
29,19,Vellozia resinosa,Vellozia resinosa,Single,Heat,1,100*5,NA,0,25,0,0,0,0,0,0,0,0,0,0,0,0,0,0,0,0,0,0,0,0,0,0,0,0,0,0,0,0,0,0,0,Shrub,Restricted,Xeric,0.56,ND,Vellozia_resinosa,NA
30,19,Vellozia resinosa,Vellozia resinosa,Single,Heat,1,100*5,NA,0,25,0,0,0,0,0,0,0,0,0,0,0,0,0,0,0,0,0,0,0,0,0,0,0,0,0,0,0,0,0,0,0,Shrub,Restricted,Xeric,0.56,ND,Vellozia_resinosa,NA
31,19,Vellozia variabilis,Vellozia variabilis,Single,Heat,1,100*5,NA,4,25,0,0,0,0,0,0,0,1,0,0,0,0,0,0,0,1,0,0,0,0,0,0,2,0,0,0,0,0,0,0,0,Shrub,Widespread,Xeric,0.22,ND,Vellozia_alutacea,NA
32,19,Vellozia variabilis,Vellozia variabilis,Single,Heat,1,100*5,NA,3,25,0,0,0,0,0,0,0,1,0,0,0,0,0,0,0,0,0,0,0,0,1,0,0,0,0,1,0,0,0,0,0,Shrub,Widespread,Xeric,0.22,ND,Vellozia_alutacea,20.5
33,19,Vellozia variabilis,Vellozia variabilis,Single,Heat,1,100*5,NA,1,25,0,0,0,0,0,0,0,0,0,0,0,0,0,0,0,0,0,0,0,0,0,0,1,0,0,0,0,0,0,0,0,Shrub,Widespread,Xeric,0.22,ND,Vellozia_alutacea,22.5
34,19,Vellozia variabilis,Vellozia variabilis,Single,Heat,1,100*5,NA,14,25,0,0,0,0,0,0,0,3,0,0,0,0,0,0,0,6,0,0,0,2,0,0,2,1,0,0,0,0,0,0,0,Shrub,Widespread,Xeric,0.22,ND,Vellozia_alutacea,15.66666667
35,19,Vellozia variabilis,Vellozia variabilis,Single,Heat,1,100*5,NA,3,25,0,0,0,0,0,0,0,0,0,0,0,0,0,0,0,0,0,0,0,1,1,0,0,0,0,1,0,0,0,0,0,Shrub,Widespread,Xeric,0.22,ND,Vellozia_alutacea,20.5
36,19,Xyris pilosa,Xyris pilosa,Single,Heat,1,100*5,NA,7,26,0,0,0,0,0,0,1,0,3,0,0,0,0,1,1,0,0,0,1,0,0,0,0,0,0,0,0,0,0,0,0,Herb,Restricted,Mesic,0.042,ND,Xyris_pilosa,8.833333333
37,19,Xyris pilosa,Xyris pilosa,Single,Heat,1,100*5,NA,13,22,0,0,0,0,0,0,0,0,1,0,0,0,0,0,4,2,2,0,0,2,0,0,0,0,0,2,0,0,0,0,0,Herb,Restricted,Mesic,0.042,ND,Xyris_pilosa,15.75
38,19,Xyris pilosa,Xyris pilosa,Single,Heat,1,100*5,NA,8,19,0,0,0,0,0,0,0,0,1,4,0,0,0,0,3,0,0,0,0,0,0,0,0,0,0,0,0,0,0,0,0,Herb,Restricted,Mesic,0.042,ND,Xyris_pilosa,9.75
39,19,Xyris pilosa,Xyris pilosa,Single,Heat,1,100*5,NA,12,24,0,0,0,0,0,0,1,0,1,2,0,0,1,0,6,0,0,0,0,0,0,0,0,1,0,0,0,0,0,0,0,Herb,Restricted,Mesic,0.042,ND,Xyris_pilosa,14.16666667
40,19,Xyris pilosa,Xyris pilosa,Single,Heat,1,100*5,NA,22,25,0,0,0,0,0,0,1,0,1,1,0,0,1,0,4,0,2,0,2,0,0,0,0,0,3,7,0,0,0,0,0,Herb,Restricted,Mesic,0.042,ND,Xyris_pilosa,18.5
41,19,Vellozia nanuzae,Vellozia nanuzae,Single,Heat,1,80*5,NA,20,23,0,0,0,0,0,0,7,10,1,1,0,0,0,0,1,0,0,0,0,0,0,0,0,0,0,0,0,0,0,0,0,Shrub,Restricted,Xeric,0.58,ND,Vellozia_nanuzae,7.3
42,19,Vellozia nanuzae,Vellozia nanuzae,Single,Heat,1,80*5,NA,25,25,0,0,0,0,0,0,11,3,5,0,1,0,2,1,0,0,0,0,0,0,0,0,1,0,1,0,0,0,0,0,0,Shrub,Restricted,Xeric,0.58,ND,Vellozia_nanuzae,7.5
43,19,Vellozia nanuzae,Vellozia nanuzae,Single,Heat,1,80*5,NA,23,25,0,0,0,0,0,0,6,1,5,2,0,0,6,1,2,0,0,0,0,0,0,0,0,0,0,0,0,0,0,0,0,Shrub,Restricted,Xeric,0.58,ND,Vellozia_nanuzae,8.9
44,19,Vellozia nanuzae,Vellozia nanuzae,Single,Heat,1,80*5,NA,22,25,0,0,0,0,0,0,12,1,4,2,0,0,1,0,0,1,0,0,1,0,0,0,0,0,0,0,0,0,0,0,0,Shrub,Restricted,Xeric,0.58,ND,Vellozia_nanuzae,6.916666667
45,19,Vellozia nanuzae,Vellozia nanuzae,Single,Heat,1,80*5,NA,23,23,0,0,0,0,0,0,5,6,2,5,0,2,1,0,0,0,0,1,0,0,1,0,0,0,0,0,0,0,0,0,0,Shrub,Restricted,Xeric,0.58,ND,Vellozia_nanuzae,8.25
46,19,Vellozia resinosa,Vellozia resinosa,Single,Heat,1,80*5,NA,23,25,0,0,0,0,0,0,2,3,5,2,0,4,1,0,2,0,2,0,0,1,1,0,0,0,0,0,0,0,0,0,0,Shrub,Restricted,Xeric,0.56,ND,Vellozia_resinosa,9.75
47,19,Vellozia resinosa,Vellozia resinosa,Single,Heat,1,80*5,NA,19,25,0,0,0,0,0,0,4,5,3,0,0,0,2,0,1,1,0,0,0,0,3,0,0,0,0,0,0,0,0,0,0,Shrub,Restricted,Xeric,0.56,ND,Vellozia_resinosa,8.166666667
48,19,Vellozia resinosa,Vellozia resinosa,Single,Heat,1,80*5,NA,24,25,0,0,0,0,0,0,6,8,3,2,0,2,1,0,0,1,0,0,0,0,0,0,1,0,0,0,0,0,0,0,0,Shrub,Restricted,Xeric,0.56,ND,Vellozia_resinosa,7.75
49,19,Vellozia resinosa,Vellozia resinosa,Single,Heat,1,80*5,NA,24,25,0,0,0,0,0,0,9,7,6,0,1,0,0,0,1,0,0,0,0,0,0,0,0,0,0,0,0,0,0,0,0,Shrub,Restricted,Xeric,0.56,ND,Vellozia_resinosa,7.428571429
50,19,Vellozia resinosa,Vellozia resinosa,Single,Heat,1,80*5,NA,20,25,0,0,0,0,0,0,6,2,4,1,2,0,2,0,2,0,0,0,0,1,0,0,0,0,0,0,0,0,0,0,0,Shrub,Restricted,Xeric,0.56,ND,Vellozia_resinosa,8.5
51,19,Vellozia variabilis,Vellozia variabilis,Single,Heat,1,80*5,NA,16,21,0,0,0,0,0,0,8,1,2,2,0,0,0,0,0,0,1,0,0,2,0,0,0,0,0,0,0,0,0,0,0,Shrub,Widespread,Xeric,0.22,ND,Vellozia_alutacea,7
52,19,Vellozia variabilis,Vellozia variabilis,Single,Heat,1,80*5,NA,18,25,0,0,0,0,0,0,7,4,2,0,0,0,1,0,0,0,1,0,0,3,0,0,0,0,0,0,0,0,0,0,0,Shrub,Widespread,Xeric,0.22,ND,Vellozia_alutacea,7.5
53,19,Vellozia variabilis,Vellozia variabilis,Single,Heat,1,80*5,NA,22,25,0,0,0,0,0,0,11,5,0,0,5,0,0,0,0,0,0,1,0,0,0,0,0,0,0,0,0,0,0,0,0,Shrub,Widespread,Xeric,0.22,ND,Vellozia_alutacea,7
54,19,Vellozia variabilis,Vellozia variabilis,Single,Heat,1,80*5,NA,22,25,0,0,0,0,0,0,12,2,1,0,0,2,0,0,1,0,0,0,0,0,1,0,3,0,0,0,0,0,0,0,0,Shrub,Widespread,Xeric,0.22,ND,Vellozia_alutacea,6.916666667
55,19,Vellozia variabilis,Vellozia variabilis,Single,Heat,1,80*5,NA,24,25,0,0,0,0,0,0,13,5,0,0,0,2,1,0,0,0,0,0,1,0,1,0,1,0,0,0,0,0,0,0,0,Shrub,Widespread,Xeric,0.22,ND,Vellozia_alutacea,6.923076923
56,19,Xyris pilosa,Xyris pilosa,Single,Heat,1,80*5,NA,27,38,0,0,0,0,0,0,1,4,2,2,0,0,1,5,0,0,2,1,1,6,0,0,1,0,0,0,1,0,0,0,0,Herb,Restricted,Mesic,0.042,ND,Xyris_pilosa,13.7
57,19,Xyris pilosa,Xyris pilosa,Single,Heat,1,80*5,NA,18,18,0,0,0,0,0,0,1,1,0,0,0,0,1,0,1,0,2,0,3,7,0,0,0,0,0,0,2,0,0,0,0,Herb,Restricted,Mesic,0.042,ND,Xyris_pilosa,19
58,19,Xyris pilosa,Xyris pilosa,Single,Heat,1,80*5,NA,15,23,0,0,0,0,0,0,1,1,3,0,0,0,2,0,0,0,1,0,0,4,0,0,0,0,0,0,3,0,0,0,0,Herb,Restricted,Mesic,0.042,ND,Xyris_pilosa,16.5
59,19,Xyris pilosa,Xyris pilosa,Single,Heat,1,80*5,NA,34,37,0,0,0,0,0,0,1,3,3,1,0,2,1,0,0,0,5,2,0,8,0,0,0,0,0,0,8,0,0,0,0,Herb,Restricted,Mesic,0.042,ND,Xyris_pilosa,17.5
60,19,Xyris pilosa,Xyris pilosa,Single,Heat,1,80*5,NA,16,19,0,0,0,0,0,0,6,2,0,2,0,0,0,0,0,0,3,0,0,3,0,0,0,0,0,0,0,0,0,0,0,Herb,Restricted,Mesic,0.042,ND,Xyris_pilosa,NA
61,20,Cenchrus brownii,Cenchrus brownii,Single,Heat,0,Control,NA,18,25,0,0,0,0,0,0,9,5,4,0,0,0,0,0,0,0,0,0,0,0,0,0,0,0,0,0,0,0,0,0,0,Herb,Widespread,Mesic/Xeric,3.78,D,Cenchrus_brownii,7
62,20,Cenchrus brownii,Cenchrus brownii,Single,Heat,0,Control,NA,8,25,0,0,0,0,0,0,1,0,0,0,2,0,0,1,1,0,0,0,0,0,0,1,0,1,0,0,0,1,0,0,0,Herb,Widespread,Mesic/Xeric,3.78,D,Cenchrus_brownii,14
63,20,Cenchrus brownii,Cenchrus brownii,Single,Heat,0,Control,NA,5,25,0,0,0,0,0,0,0,0,0,0,2,0,0,0,0,0,0,0,0,0,0,0,0,2,0,0,0,1,0,0,0,Herb,Widespread,Mesic/Xeric,3.78,D,Cenchrus_brownii,23.25
64,20,Cenchrus brownii,Cenchrus brownii,Single,Heat,0,Control,NA,7,25,0,0,0,0,0,0,0,0,0,1,2,0,0,2,0,0,0,2,0,0,0,0,0,0,0,0,0,0,0,0,0,Herb,Widespread,Mesic/Xeric,3.78,D,Cenchrus_brownii,13.25
65,20,Cenchrus brownii,Cenchrus brownii,Single,Heat,1,80*2,NA,7,25,0,0,0,0,1,0,0,5,1,0,0,0,0,0,0,0,0,0,0,0,0,0,0,0,0,0,0,0,0,0,0,Herb,Widespread,Mesic/Xeric,3.78,D,Cenchrus_brownii,7.5
66,20,Cenchrus brownii,Cenchrus brownii,Single,Heat,1,80*2,NA,10,25,0,0,0,0,0,0,0,1,3,0,1,0,0,0,2,0,0,0,1,0,0,0,2,0,0,0,0,0,0,0,0,Herb,Widespread,Mesic/Xeric,3.78,D,Cenchrus_brownii,NA
67,20,Cenchrus brownii,Cenchrus brownii,Single,Heat,1,80*2,NA,9,25,0,0,0,0,0,0,0,1,0,2,1,2,0,0,0,0,0,0,2,0,0,0,1,0,0,0,0,0,0,0,0,Herb,Widespread,Mesic/Xeric,3.78,D,Cenchrus_brownii,11.25
68,20,Cenchrus brownii,Cenchrus brownii,Single,Heat,1,80*2,NA,11,25,0,0,0,0,2,0,0,0,0,2,0,2,0,0,2,1,0,0,0,0,0,0,1,0,1,0,0,0,0,0,0,Herb,Widespread,Mesic/Xeric,3.78,D,Cenchrus_brownii,11.75
69,20,Andropogon leucostachyus,Andropogon leucostachyus,Single,Heat,0,Control,NA,3,25,0,0,0,0,0,0,0,3,0,0,0,0,0,0,0,0,0,0,0,0,0,0,0,0,0,0,0,0,0,0,0,Herb,Widespread,Xeric,1.5,D,Andropogon_leucostachyus,7.5
70,20,Andropogon leucostachyus,Andropogon leucostachyus,Single,Heat,0,Control,NA,13,25,0,0,0,0,0,0,0,11,0,1,0,0,0,0,0,0,0,1,0,0,0,0,0,0,0,0,0,0,0,0,0,Herb,Widespread,Xeric,1.5,D,Andropogon_leucostachyus,7.590909091
71,20,Andropogon leucostachyus,Andropogon leucostachyus,Single,Heat,0,Control,NA,7,25,0,0,0,0,0,0,0,7,0,0,0,0,0,0,0,0,0,0,0,0,0,0,0,0,0,0,0,0,0,0,0,Herb,Widespread,Xeric,1.5,D,Andropogon_leucostachyus,7.5
72,20,Andropogon leucostachyus,Andropogon leucostachyus,Single,Heat,0,Control,NA,13,25,0,0,0,0,0,0,0,11,0,2,0,0,0,0,0,0,0,0,0,0,0,0,0,0,0,0,0,0,0,0,0,Herb,Widespread,Xeric,1.5,D,Andropogon_leucostachyus,7.590909091
73,20,Andropogon leucostachyus,Andropogon leucostachyus,Single,Heat,1,80*2,NA,19,25,0,0,0,0,0,0,0,19,0,0,0,0,0,0,0,0,0,0,0,0,0,0,0,0,0,0,0,0,0,0,0,Herb,Widespread,Xeric,1.5,D,Andropogon_leucostachyus,7.5
74,20,Andropogon leucostachyus,Andropogon leucostachyus,Single,Heat,1,80*2,NA,16,25,0,0,0,0,0,0,0,15,0,1,0,0,0,0,0,0,0,0,0,0,0,0,0,0,0,0,0,0,0,0,0,Herb,Widespread,Xeric,1.5,D,Andropogon_leucostachyus,7.533333333
75,20,Andropogon leucostachyus,Andropogon leucostachyus,Single,Heat,1,80*2,NA,10,25,0,0,0,0,0,0,0,8,0,2,0,0,0,0,0,0,0,0,0,0,0,0,0,0,0,0,0,0,0,0,0,Herb,Widespread,Xeric,1.5,D,Andropogon_leucostachyus,7.625
76,20,Andropogon leucostachyus,Andropogon leucostachyus,Single,Heat,1,80*2,NA,6,25,0,0,0,0,0,0,0,5,0,1,0,0,0,0,0,0,0,0,0,0,0,0,0,0,0,0,0,0,0,0,0,Herb,Widespread,Xeric,1.5,D,Andropogon_leucostachyus,7.6
77,20,Andropogon bicornis,Andropogon bicornis,Single,Heat,0,Control,NA,9,25,0,0,0,0,0,0,5,0,0,3,0,0,0,0,0,0,0,0,0,0,0,0,0,0,0,0,0,1,0,0,0,Herb,Restricted,Mesic/Xeric,0.1396,D,Andropogon_bicornis,6.9
78,20,Andropogon bicornis,Andropogon bicornis,Single,Heat,0,Control,NA,5,25,0,0,0,0,0,0,0,0,0,3,0,0,0,0,0,0,0,0,0,0,2,0,0,0,0,0,0,0,0,0,0,Herb,Restricted,Mesic/Xeric,0.1396,D,Andropogon_bicornis,9.833333333
79,20,Andropogon bicornis,Andropogon bicornis,Single,Heat,0,Control,NA,2,25,0,0,0,0,0,0,0,0,0,1,0,0,0,0,0,0,0,0,0,0,0,0,0,1,0,0,0,0,0,0,0,Herb,Restricted,Mesic/Xeric,0.1396,D,Andropogon_bicornis,NA
80,20,Andropogon bicornis,Andropogon bicornis,Single,Heat,0,Control,NA,2,25,0,0,0,0,0,0,0,0,0,0,0,0,0,0,0,0,0,0,0,0,1,0,0,1,0,0,0,0,0,0,0,Herb,Restricted,Mesic/Xeric,0.1396,D,Andropogon_bicornis,NA
81,20,Andropogon bicornis,Andropogon bicornis,Single,Heat,1,80*2,NA,2,25,0,0,0,0,0,0,2,0,0,0,0,0,0,0,0,0,0,0,0,0,0,0,0,0,0,0,0,0,0,0,0,Herb,Restricted,Mesic/Xeric,0.1396,D,Andropogon_bicornis,6.5
82,20,Andropogon bicornis,Andropogon bicornis,Single,Heat,1,80*2,NA,2,25,0,0,0,0,0,0,0,0,0,1,0,0,0,0,0,0,0,0,0,0,1,0,0,0,0,0,0,0,0,0,0,Herb,Restricted,Mesic/Xeric,0.1396,D,Andropogon_bicornis,NA
83,20,Andropogon bicornis,Andropogon bicornis,Single,Heat,1,80*2,NA,4,25,0,0,0,0,0,0,4,0,0,0,0,0,0,0,0,0,0,0,0,0,0,0,0,0,0,0,0,0,0,0,0,Herb,Restricted,Mesic/Xeric,0.1396,D,Andropogon_bicornis,6.5
84,20,Andropogon bicornis,Andropogon bicornis,Single,Heat,1,80*2,NA,6,25,0,0,0,0,0,0,6,0,0,0,0,0,0,0,0,0,0,0,0,0,0,0,0,0,0,0,0,0,0,0,0,Herb,Restricted,Mesic/Xeric,0.1396,D,Andropogon_bicornis,6.5
85,20,Setaria parviflora,Setaria parviflora,Single,Heat,0,Control,NA,4,25,0,0,0,0,0,0,2,0,0,2,0,0,0,0,0,0,0,0,0,0,0,0,0,0,0,0,0,0,0,0,0,Herb,Widespread,Mesic/Xeric,1.58,D,Setaria_parviflora,NA
86,20,Setaria parviflora,Setaria parviflora,Single,Heat,0,Control,NA,3,25,0,0,0,0,0,0,2,0,0,1,0,0,0,0,0,0,0,0,0,0,0,0,0,0,0,0,0,0,0,0,0,Herb,Widespread,Mesic/Xeric,1.58,D,Setaria_parviflora,6.75
87,20,Setaria parviflora,Setaria parviflora,Single,Heat,0,Control,NA,2,25,0,0,0,0,0,0,2,0,0,0,0,0,0,0,0,0,0,0,0,0,0,0,0,0,0,0,0,0,0,0,0,Herb,Widespread,Mesic/Xeric,1.58,D,Setaria_parviflora,6.5
88,20,Setaria parviflora,Setaria parviflora,Single,Heat,0,Control,NA,2,25,0,0,0,0,0,0,2,0,0,0,0,0,0,0,0,0,0,0,0,0,0,0,0,0,0,0,0,0,0,0,0,Herb,Widespread,Mesic/Xeric,1.58,D,Setaria_parviflora,6.5
89,20,Setaria parviflora,Setaria parviflora,Single,Heat,1,80*2,NA,5,25,0,0,0,0,0,0,4,0,0,1,0,0,0,0,0,0,0,0,0,0,0,0,0,0,0,0,0,0,0,0,0,Herb,Widespread,Mesic/Xeric,1.58,D,Setaria_parviflora,6.625
90,20,Setaria parviflora,Setaria parviflora,Single,Heat,1,80*2,NA,5,25,0,0,0,0,0,0,3,0,0,2,0,0,0,0,0,0,0,0,0,0,0,0,0,0,0,0,0,0,0,0,0,Herb,Widespread,Mesic/Xeric,1.58,D,Setaria_parviflora,6.833333333
91,20,Setaria parviflora,Setaria parviflora,Single,Heat,1,80*2,NA,2,25,0,0,0,0,0,0,2,0,0,0,0,0,0,0,0,0,0,0,0,0,0,0,0,0,0,0,0,0,0,0,0,Herb,Widespread,Mesic/Xeric,1.58,D,Setaria_parviflora,6.5
92,20,Setaria parviflora,Setaria parviflora,Single,Heat,1,80*2,NA,2,25,0,0,0,0,0,0,1,0,0,1,0,0,0,0,0,0,0,0,0,0,0,0,0,0,0,0,0,0,0,0,0,Herb,Widespread,Mesic/Xeric,1.58,D,Setaria_parviflora,NA
93,37,Lessingianthus linearifolius,Lessingianthus linearifolius,Single,Heat,0,Control,Control,9,20,0,0,0,0,0,6,0,1,0,2,0,0,0,0,0,0,0,0,0,0,0,0,0,0,0,0,0,0,0,0,0,Shrub,Widespread,Xeric,NA,ND,Lessingianthus_linearifolius,5.75
94,37,Lessingianthus linearifolius,Lessingianthus linearifolius,Single,Heat,0,Control,Control,8,20,0,0,0,0,0,6,0,2,0,0,0,0,0,0,0,0,0,0,0,0,0,0,0,0,0,0,0,0,0,0,0,Shrub,Widespread,Xeric,NA,ND,Lessingianthus_linearifolius,5.666666667
95,37,Lessingianthus linearifolius,Lessingianthus linearifolius,Single,Heat,0,Control,Control,8,20,0,0,0,0,0,3,0,1,2,2,0,0,0,0,0,0,0,0,0,0,0,0,0,0,0,0,0,0,0,0,0,Shrub,Widespread,Xeric,NA,ND,Lessingianthus_linearifolius,8
96,37,Lessingianthus linearifolius,Lessingianthus linearifolius,Single,Heat,0,Control,Control,8,20,0,0,0,0,0,3,3,2,0,0,0,0,0,0,0,0,0,0,0,0,0,0,0,0,0,0,0,0,0,0,0,Shrub,Widespread,Xeric,NA,ND,Lessingianthus_linearifolius,6.333333333
97,37,Lessingianthus linearifolius,Lessingianthus linearifolius,Single,Heat,0,Control,Control,8,20,0,0,0,0,0,6,0,2,0,0,0,0,0,0,0,0,0,0,0,0,0,0,0,0,0,0,0,0,0,0,0,Shrub,Widespread,Xeric,NA,ND,Lessingianthus_linearifolius,5.666666667
98,37,Lessingianthus linearifolius,Lessingianthus linearifolius,Single,Heat,1,100*5,NA,15,20,0,0,0,0,0,8,0,1,3,3,0,0,0,0,0,0,0,0,0,0,0,0,0,0,0,0,0,0,0,0,0,Shrub,Widespread,Xeric,NA,ND,Lessingianthus_linearifolius,5.9375
99,37,Lessingianthus linearifolius,Lessingianthus linearifolius,Single,Heat,1,100*5,NA,6,20,0,0,0,0,0,5,0,1,0,0,0,0,0,0,0,0,0,0,0,0,0,0,0,0,0,0,0,0,0,0,0,Shrub,Widespread,Xeric,NA,ND,Lessingianthus_linearifolius,5.6
100,37,Lessingianthus linearifolius,Lessingianthus linearifolius,Single,Heat,1,100*5,NA,6,20,0,0,0,0,1,2,1,1,1,0,0,0,0,0,0,0,0,0,0,0,0,0,0,0,0,0,0,0,0,0,0,Shrub,Widespread,Xeric,NA,ND,Lessingianthus_linearifolius,6
101,37,Lessingianthus linearifolius,Lessingianthus linearifolius,Single,Heat,1,100*5,NA,5,20,0,0,0,0,0,2,0,2,0,1,0,0,0,0,0,0,0,0,0,0,0,0,0,0,0,0,0,0,0,0,0,Shrub,Widespread,Xeric,NA,ND,Lessingianthus_linearifolius,7.25
102,37,Lessingianthus linearifolius,Lessingianthus linearifolius,Single,Heat,1,100*5,NA,5,20,0,0,0,0,0,1,0,2,1,0,0,1,0,0,0,0,0,0,0,0,0,0,0,0,0,0,0,0,0,0,0,Shrub,Widespread,Xeric,NA,ND,Lessingianthus_linearifolius,7.75
103,37,Vellozia caruncularis,Vellozia caruncularis,Single,Heat,0,Control,Control,18,20,0,0,0,6,3,2,0,4,0,0,1,0,0,0,0,0,0,0,0,1,1,0,0,0,0,0,0,0,0,0,0,Herb,Restricted,Xeric,0.155,ND,Vellozia_caruncularis,5
104,37,Vellozia caruncularis,Vellozia caruncularis,Single,Heat,0,Control,Control,17,20,0,0,2,4,5,3,0,2,0,0,0,1,0,0,0,0,0,0,0,0,0,0,0,0,0,0,0,0,0,0,0,Herb,Restricted,Xeric,0.155,ND,Vellozia_caruncularis,4.5
105,37,Vellozia caruncularis,Vellozia caruncularis,Single,Heat,0,Control,Control,18,20,0,0,0,3,5,5,0,5,0,0,0,0,0,0,0,0,0,0,0,0,0,0,0,0,0,0,0,0,0,0,0,Herb,Restricted,Xeric,0.155,ND,Vellozia_caruncularis,5.2
106,37,Vellozia caruncularis,Vellozia caruncularis,Single,Heat,0,Control,Control,14,20,0,0,0,2,5,1,0,5,0,1,0,0,0,0,0,0,0,0,0,0,0,0,0,0,0,0,0,0,0,0,0,Herb,Restricted,Xeric,0.155,ND,Vellozia_caruncularis,5
107,37,Vellozia caruncularis,Vellozia caruncularis,Single,Heat,0,Control,Control,17,20,0,0,0,5,3,4,0,3,0,1,1,0,0,0,0,0,0,0,0,0,0,0,0,0,0,0,0,0,0,0,0,Herb,Restricted,Xeric,0.155,ND,Vellozia_caruncularis,5.125
108,37,Vellozia caruncularis,Vellozia caruncularis,Single,Heat,1,100*5,NA,11,20,0,0,1,3,3,0,0,3,1,0,0,0,0,0,0,0,0,0,0,0,0,0,0,0,0,0,0,0,0,0,0,Herb,Restricted,Xeric,0.155,ND,Vellozia_caruncularis,4.5
109,37,Vellozia caruncularis,Vellozia caruncularis,Single,Heat,1,100*5,NA,14,20,0,0,0,2,4,6,0,2,0,0,0,0,0,0,0,0,0,0,0,0,0,0,0,0,0,0,0,0,0,0,0,Herb,Restricted,Xeric,0.155,ND,Vellozia_caruncularis,5.166666667
110,37,Vellozia caruncularis,Vellozia caruncularis,Single,Heat,1,100*5,NA,17,20,0,0,2,2,6,3,0,3,0,0,0,0,0,0,0,1,0,0,0,0,0,0,0,0,0,0,0,0,0,0,0,Herb,Restricted,Xeric,0.155,ND,Vellozia_caruncularis,4.75
111,37,Vellozia caruncularis,Vellozia caruncularis,Single,Heat,1,100*5,NA,16,20,0,0,0,4,4,4,0,1,1,1,0,0,0,0,0,0,0,0,1,0,0,0,0,0,0,0,0,0,0,0,0,Herb,Restricted,Xeric,0.155,ND,Vellozia_caruncularis,5
112,37,Vellozia caruncularis,Vellozia caruncularis,Single,Heat,1,100*5,NA,17,20,0,0,0,3,5,4,0,1,0,0,1,0,0,0,0,0,0,1,0,1,1,0,0,0,0,0,0,0,0,0,0,Herb,Restricted,Xeric,0.155,ND,Vellozia_caruncularis,5.125
113,37,Vellozia epidendroides,Vellozia epidendroides,Single,Heat,0,Control,Control,35,40,0,0,0,0,0,0,1,1,4,4,4,3,5,3,2,2,2,0,1,0,0,0,1,0,1,1,0,0,0,0,0,Shrub,Restricted,Mesic/Xeric,0.58,ND,Vellozia_epidendroides,12.1
114,37,Vellozia epidendroides,Vellozia epidendroides,Single,Heat,0,Control,Control,35,40,0,0,0,1,0,0,0,0,2,3,4,1,4,1,3,3,6,1,0,0,0,2,2,0,0,2,0,0,0,0,0,Shrub,Restricted,Mesic/Xeric,0.58,ND,Vellozia_epidendroides,14.5
115,37,Vellozia epidendroides,Vellozia epidendroides,Single,Heat,0,Control,Control,33,40,0,0,0,0,0,0,0,2,2,2,3,2,4,2,1,2,3,4,2,0,0,0,0,0,2,0,0,0,1,1,0,Shrub,Restricted,Mesic/Xeric,0.58,ND,Vellozia_epidendroides,13.75
116,37,Vellozia epidendroides,Vellozia epidendroides,Single,Heat,0,Control,Control,28,40,0,0,0,0,0,0,0,1,1,2,0,1,3,2,2,3,3,2,2,0,0,2,0,0,2,0,0,0,1,1,0,Shrub,Restricted,Mesic/Xeric,0.58,ND,Vellozia_epidendroides,15.66666667
117,37,Vellozia epidendroides,Vellozia epidendroides,Single,Heat,0,Control,Control,35,40,0,0,0,0,1,0,1,1,3,4,9,1,3,1,1,1,2,0,1,1,0,1,0,0,1,1,0,0,1,0,1,Shrub,Restricted,Mesic/Xeric,0.58,ND,Vellozia_epidendroides,10.83333333
118,37,Vellozia epidendroides,Vellozia epidendroides,Single,Heat,1,100*5,NA,34,40,0,0,0,0,0,2,2,9,2,3,6,2,2,1,1,2,0,0,0,0,0,2,0,0,0,0,0,0,0,0,0,Shrub,Restricted,Mesic/Xeric,0.58,ND,Vellozia_epidendroides,9.666666667
119,37,Vellozia epidendroides,Vellozia epidendroides,Single,Heat,1,100*5,NA,35,40,0,0,0,0,0,0,7,7,4,4,4,6,1,1,0,0,0,0,1,0,0,0,0,0,0,0,0,0,0,0,0,Shrub,Restricted,Mesic/Xeric,0.58,ND,Vellozia_epidendroides,8.875
120,37,Vellozia epidendroides,Vellozia epidendroides,Single,Heat,1,100*5,NA,35,40,0,0,0,0,0,2,2,7,2,4,5,2,1,4,1,1,1,1,2,0,0,0,0,0,0,0,0,0,0,0,0,Shrub,Restricted,Mesic/Xeric,0.58,ND,Vellozia_epidendroides,10.1
121,37,Vellozia epidendroides,Vellozia epidendroides,Single,Heat,1,100*5,NA,35,40,0,0,0,0,0,0,3,3,8,2,2,1,3,7,3,0,0,0,0,2,0,0,0,0,0,1,0,0,0,0,0,Shrub,Restricted,Mesic/Xeric,0.58,ND,Vellozia_epidendroides,10.75
122,37,Vellozia epidendroides,Vellozia epidendroides,Single,Heat,1,100*5,NA,32,40,0,0,0,0,0,0,0,6,4,5,2,3,4,2,0,1,0,0,0,0,1,1,0,0,0,1,1,1,0,0,0,Shrub,Restricted,Mesic/Xeric,0.58,ND,Vellozia_epidendroides,10.5
123,37,Vellozia resinosa,Vellozia resinosa,Single,Heat,0,Control,Control,35,40,0,0,0,0,4,11,6,6,4,1,1,2,0,0,0,0,0,0,0,0,0,0,0,0,0,0,0,0,0,0,0,Shrub,Restricted,Xeric,0.56,ND,Vellozia_resinosa,6.416666667
124,37,Vellozia resinosa,Vellozia resinosa,Single,Heat,0,Control,Control,37,40,0,0,0,0,4,8,8,8,4,2,1,1,0,1,0,0,0,0,0,0,0,0,0,0,0,0,0,0,0,0,0,Shrub,Restricted,Xeric,0.56,ND,Vellozia_resinosa,6.8125
125,37,Vellozia resinosa,Vellozia resinosa,Single,Heat,0,Control,Control,39,40,0,0,0,0,2,8,9,8,7,2,2,1,0,0,0,0,0,0,0,0,0,0,0,0,0,0,0,0,0,0,0,Shrub,Restricted,Xeric,0.56,ND,Vellozia_resinosa,7.0625
126,37,Vellozia resinosa,Vellozia resinosa,Single,Heat,0,Control,Control,38,40,0,0,0,0,0,8,6,11,5,4,2,1,1,0,0,0,0,0,0,0,0,0,0,0,0,0,0,0,0,0,0,Shrub,Restricted,Xeric,0.56,ND,Vellozia_resinosa,7.454545455
127,37,Vellozia resinosa,Vellozia resinosa,Single,Heat,0,Control,Control,33,40,0,0,0,0,0,5,4,6,5,4,3,2,0,2,0,1,1,0,0,0,0,0,0,0,0,0,0,0,0,0,0,Shrub,Restricted,Xeric,0.56,ND,Vellozia_resinosa,8.3
128,37,Vellozia resinosa,Vellozia resinosa,Single,Heat,1,100*5,NA,38,40,0,0,0,1,5,10,12,3,1,3,1,0,1,1,0,0,0,0,0,0,0,0,0,0,0,0,0,0,0,0,0,Shrub,Restricted,Xeric,0.56,ND,Vellozia_resinosa,6.25
129,37,Vellozia resinosa,Vellozia resinosa,Single,Heat,1,100*5,NA,34,40,0,0,0,1,2,5,8,5,6,1,1,1,1,1,0,0,0,1,0,0,0,0,0,1,0,0,0,0,0,0,0,Shrub,Restricted,Xeric,0.56,ND,Vellozia_resinosa,7.2
130,37,Vellozia resinosa,Vellozia resinosa,Single,Heat,1,100*5,NA,31,40,0,0,0,0,2,4,5,6,5,4,2,0,1,0,0,1,1,0,0,0,0,0,0,0,0,0,0,0,0,0,0,Shrub,Restricted,Xeric,0.56,ND,Vellozia_resinosa,7.75
131,37,Vellozia resinosa,Vellozia resinosa,Single,Heat,1,100*5,NA,34,40,0,0,1,0,1,4,3,5,4,5,3,4,1,1,1,0,0,0,0,0,0,0,1,0,0,0,0,0,0,0,0,Shrub,Restricted,Xeric,0.56,ND,Vellozia_resinosa,8.75
132,37,Vellozia resinosa,Vellozia resinosa,Single,Heat,1,100*5,NA,35,40,0,0,0,0,1,3,6,4,4,4,3,2,1,1,1,2,1,1,0,0,0,0,1,0,0,0,0,0,0,0,0,Shrub,Restricted,Xeric,0.56,ND,Vellozia_resinosa,8.875
133,37,Vellozia variabilis,Vellozia variabilis,Single,Heat,0,Control,Control,17,20,0,0,0,3,7,2,0,0,0,1,2,0,0,1,0,1,0,0,0,0,0,0,0,0,0,0,0,0,0,0,0,Shrub,Widespread,Xeric,0.22,ND,Vellozia_alutacea,4.785714286
134,37,Vellozia variabilis,Vellozia variabilis,Single,Heat,0,Control,Control,17,20,0,0,0,3,5,6,0,1,1,1,0,0,0,0,0,0,0,0,0,0,0,0,0,0,0,0,0,0,0,0,0,Shrub,Widespread,Xeric,0.22,ND,Vellozia_alutacea,5.083333333
135,37,Vellozia variabilis,Vellozia variabilis,Single,Heat,0,Control,Control,17,20,0,0,0,2,7,5,0,1,0,0,0,0,0,0,0,0,0,0,0,0,0,0,1,0,0,0,0,0,0,0,1,Shrub,Widespread,Xeric,0.22,ND,Vellozia_alutacea,4.928571429
136,37,Vellozia variabilis,Vellozia variabilis,Single,Heat,0,Control,Control,17,20,0,0,0,3,6,4,1,0,0,0,0,1,0,0,2,0,0,0,0,0,0,0,0,0,0,0,0,0,0,0,0,Shrub,Widespread,Xeric,0.22,ND,Vellozia_alutacea,4.916666667
137,37,Vellozia variabilis,Vellozia variabilis,Single,Heat,0,Control,Control,20,20,0,0,0,3,10,2,0,2,0,1,0,0,0,0,0,2,0,0,0,0,0,0,0,0,0,0,0,0,0,0,0,Shrub,Widespread,Xeric,0.22,ND,Vellozia_alutacea,4.7
138,37,Vellozia variabilis,Vellozia variabilis,Single,Heat,1,100*5,NA,18,20,0,0,0,0,8,4,0,2,0,1,1,0,1,0,0,0,0,0,1,0,0,0,0,0,0,0,0,0,0,0,0,Shrub,Widespread,Xeric,0.22,ND,Vellozia_alutacea,5.25
139,37,Vellozia variabilis,Vellozia variabilis,Single,Heat,1,100*5,NA,19,20,0,0,0,2,8,5,0,2,0,1,0,0,0,0,0,0,0,0,0,0,0,0,1,0,0,0,0,0,0,0,0,Shrub,Widespread,Xeric,0.22,ND,Vellozia_alutacea,4.9375
140,37,Vellozia variabilis,Vellozia variabilis,Single,Heat,1,100*5,NA,20,20,0,0,1,0,6,4,0,6,1,2,0,0,0,0,0,0,0,0,0,0,0,0,0,0,0,0,0,0,0,0,0,Shrub,Widespread,Xeric,0.22,ND,Vellozia_alutacea,5.75
141,37,Vellozia variabilis,Vellozia variabilis,Single,Heat,1,100*5,NA,19,20,0,0,0,2,7,6,0,3,1,0,0,0,0,0,0,0,0,0,0,0,0,0,0,0,0,0,0,0,0,0,0,Shrub,Widespread,Xeric,0.22,ND,Vellozia_alutacea,5.083333333
142,37,Vellozia variabilis,Vellozia variabilis,Single,Heat,1,100*5,NA,20,20,0,0,0,1,5,3,3,5,2,0,0,0,0,0,0,0,0,1,0,0,0,0,0,0,0,0,0,0,0,0,0,Shrub,Widespread,Xeric,0.22,ND,Vellozia_alutacea,6.333333333
143,37,Xyris obtusiuscula,Xyris obtusiuscula,Single,Heat,0,Control,Control,6,40,0,0,0,0,0,0,0,0,0,1,2,0,0,0,0,0,0,0,0,2,0,0,1,0,0,0,0,0,0,0,0,Herb,Restricted,Mesic/Xeric,0.042,D,Xyris_obtusiuscula,NA
144,37,Xyris obtusiuscula,Xyris obtusiuscula,Single,Heat,0,Control,Control,9,40,0,0,0,0,0,0,0,0,1,0,0,1,1,0,1,0,0,0,5,0,0,0,0,0,0,0,0,0,0,0,0,Herb,Restricted,Mesic/Xeric,0.042,D,Xyris_obtusiuscula,18.1
145,37,Xyris obtusiuscula,Xyris obtusiuscula,Single,Heat,0,Control,Control,23,40,0,0,0,0,0,0,0,0,0,2,0,0,0,2,2,1,2,9,3,0,0,0,2,0,0,0,0,0,0,0,0,Herb,Restricted,Mesic/Xeric,0.042,D,Xyris_obtusiuscula,17.27777778
146,37,Xyris obtusiuscula,Xyris obtusiuscula,Single,Heat,0,Control,Control,6,40,0,0,0,0,0,0,0,0,1,0,0,0,0,0,2,0,0,0,0,2,0,0,1,0,0,0,0,0,0,0,0,Herb,Restricted,Mesic/Xeric,0.042,D,Xyris_obtusiuscula,NA
147,37,Xyris obtusiuscula,Xyris obtusiuscula,Single,Heat,0,Control,Control,14,40,0,0,0,0,0,0,0,0,0,0,2,1,1,0,1,0,0,5,2,1,0,0,1,0,0,0,0,0,0,0,0,Herb,Restricted,Mesic/Xeric,0.042,D,Xyris_obtusiuscula,17.4
148,37,Xyris obtusiuscula,Xyris obtusiuscula,Single,Heat,1,100*5,NA,4,20,0,0,0,0,0,0,0,0,0,0,0,0,0,4,0,0,0,0,0,0,0,0,0,0,0,0,0,0,0,0,0,Herb,Restricted,Mesic/Xeric,0.042,D,Xyris_obtusiuscula,13.5
149,37,Xyris obtusiuscula,Xyris obtusiuscula,Single,Heat,1,100*5,NA,2,20,0,0,0,0,0,0,0,0,0,0,0,0,0,0,0,1,0,0,0,0,0,0,1,0,0,0,0,0,0,0,0,Herb,Restricted,Mesic/Xeric,0.042,D,Xyris_obtusiuscula,NA
150,37,Xyris obtusiuscula,Xyris obtusiuscula,Single,Heat,1,100*5,NA,6,20,0,0,0,0,0,0,0,0,0,1,0,3,0,0,0,0,1,0,0,1,0,0,0,0,0,0,0,0,0,0,0,Herb,Restricted,Mesic/Xeric,0.042,D,Xyris_obtusiuscula,11.66666667
151,37,Xyris obtusiuscula,Xyris obtusiuscula,Single,Heat,1,100*5,NA,8,20,0,0,0,0,0,0,0,0,0,0,0,3,0,3,0,1,1,0,0,0,0,0,0,0,0,0,0,0,0,0,0,Herb,Restricted,Mesic/Xeric,0.042,D,Xyris_obtusiuscula,13.33333333
152,37,Xyris obtusiuscula,Xyris obtusiuscula,Single,Heat,1,100*5,NA,7,20,0,0,0,0,0,0,0,0,0,0,0,1,0,0,0,1,2,0,0,0,0,1,0,0,1,1,0,0,0,0,0,Herb,Restricted,Mesic/Xeric,0.042,D,Xyris_obtusiuscula,16.75
153,37,Xyris pilosa,Xyris pilosa,Single,Heat,0,Control,Control,30,40,0,0,0,0,5,10,2,0,0,1,0,0,0,1,3,2,1,1,2,1,0,0,0,0,0,1,0,0,0,0,0,Herb,Restricted,Mesic,0.042,ND,Xyris_pilosa,6
154,37,Xyris pilosa,Xyris pilosa,Single,Heat,0,Control,Control,36,40,0,0,0,0,2,1,1,1,0,1,3,14,9,0,0,1,0,0,1,0,1,0,0,0,0,0,0,0,0,1,0,Herb,Restricted,Mesic,0.042,ND,Xyris_pilosa,11.64285714
155,37,Xyris pilosa,Xyris pilosa,Single,Heat,0,Control,Control,35,40,0,0,0,0,2,6,5,3,1,1,3,3,1,3,3,2,1,1,0,0,0,0,0,0,0,0,0,0,0,0,0,Herb,Restricted,Mesic,0.042,ND,Xyris_pilosa,9.5
156,37,Xyris pilosa,Xyris pilosa,Single,Heat,0,Control,Control,32,40,0,0,0,0,3,8,2,1,1,0,1,1,0,3,6,4,0,1,1,0,0,0,0,0,0,0,0,0,0,0,0,Herb,Restricted,Mesic,0.042,ND,Xyris_pilosa,11
157,37,Xyris pilosa,Xyris pilosa,Single,Heat,0,Control,Control,26,40,0,0,0,0,1,6,2,2,0,0,2,2,1,2,1,0,2,1,1,0,1,0,2,0,0,0,0,0,0,0,0,Herb,Restricted,Mesic,0.042,ND,Xyris_pilosa,11
158,37,Xyris pilosa,Xyris pilosa,Single,Heat,1,100*5,NA,23,40,0,0,0,0,2,2,4,1,0,1,2,0,0,0,0,1,0,2,1,1,1,2,1,0,1,0,1,0,0,0,0,Herb,Restricted,Mesic,0.042,ND,Xyris_pilosa,10.75
159,37,Xyris pilosa,Xyris pilosa,Single,Heat,1,100*5,NA,32,40,0,0,0,0,1,4,10,1,1,3,2,1,1,0,3,2,1,1,0,0,0,0,0,0,0,0,0,1,0,0,0,Herb,Restricted,Mesic,0.042,ND,Xyris_pilosa,8
160,37,Xyris pilosa,Xyris pilosa,Single,Heat,1,100*5,NA,34,40,0,0,0,0,4,3,6,2,2,1,2,3,2,2,2,3,1,1,0,0,0,0,0,0,0,0,0,0,0,0,0,Herb,Restricted,Mesic,0.042,ND,Xyris_pilosa,9
161,37,Xyris pilosa,Xyris pilosa,Single,Heat,1,100*5,NA,24,40,0,0,0,0,2,3,4,1,1,0,0,3,2,1,1,1,0,0,2,1,0,0,0,0,0,1,1,0,0,0,0,Herb,Restricted,Mesic,0.042,ND,Xyris_pilosa,11.33333333
162,37,Xyris pilosa,Xyris pilosa,Single,Heat,1,100*5,NA,29,40,0,0,0,0,1,2,4,4,4,2,2,3,2,0,1,0,1,0,0,0,0,0,2,1,0,0,0,0,0,0,0,Herb,Restricted,Mesic,0.042,ND,Xyris_pilosa,8.875
163,92,Vellozia variabilis,Vellozia variabilis,Single,Heat,0,Control,NA,17,20,0,0,0,0,0,16,0,0,0,0,0,0,0,0,0,0,1,0,0,0,0,0,0,0,0,0,0,0,0,0,0,Shrub,Widespread,Xeric,0.22,ND,Vellozia_alutacea,5.53125
164,92,Vellozia variabilis,Vellozia variabilis,Single,Heat,0,Control,NA,15,19,0,0,0,0,0,15,0,0,0,0,0,0,0,0,0,0,0,0,0,0,0,0,0,0,0,0,0,0,0,0,0,Shrub,Widespread,Xeric,0.22,ND,Vellozia_alutacea,5.5
165,92,Vellozia variabilis,Vellozia variabilis,Single,Heat,0,Control,NA,16,21,0,0,0,0,0,12,0,3,0,0,0,0,1,0,0,0,0,0,0,0,0,0,0,0,0,0,0,0,0,0,0,Shrub,Widespread,Xeric,0.22,ND,Vellozia_alutacea,5.666666667
166,92,Vellozia variabilis,Vellozia variabilis,Single,Heat,0,Control,NA,14,19,0,0,0,0,0,13,0,1,0,0,0,0,0,0,0,0,0,0,0,0,0,0,0,0,0,0,0,0,0,0,0,Shrub,Widespread,Xeric,0.22,ND,Vellozia_alutacea,5.538461538
167,92,Vellozia variabilis,Vellozia variabilis,Single,Heat,0,Control,NA,16,19,0,0,0,0,0,16,0,0,0,0,0,0,0,0,0,0,0,0,0,0,0,0,0,0,0,0,0,0,0,0,0,Shrub,Widespread,Xeric,0.22,ND,Vellozia_alutacea,5.5
168,92,Vellozia variabilis,Vellozia variabilis,Single,Heat,1,100*1,NA,13,20,0,0,0,0,0,11,0,1,0,0,0,0,0,0,0,0,0,0,0,0,0,0,0,1,0,0,0,0,0,0,0,Shrub,Widespread,Xeric,0.22,ND,Vellozia_alutacea,5.590909091
169,92,Vellozia variabilis,Vellozia variabilis,Single,Heat,1,100*1,NA,21,29,0,0,0,0,0,20,0,0,0,0,0,0,1,0,0,0,0,0,0,0,0,0,0,0,0,0,0,0,0,0,0,Shrub,Widespread,Xeric,0.22,ND,Vellozia_alutacea,5.525
170,92,Vellozia variabilis,Vellozia variabilis,Single,Heat,1,100*1,NA,16,21,0,0,0,0,0,10,0,3,0,3,0,0,0,0,0,0,0,0,0,0,0,0,0,0,0,0,0,0,0,0,0,Shrub,Widespread,Xeric,0.22,ND,Vellozia_alutacea,5.8
171,92,Vellozia variabilis,Vellozia variabilis,Single,Heat,1,100*1,NA,17,19,0,0,0,0,0,8,0,2,0,0,0,0,6,0,1,0,0,0,0,0,0,0,0,0,0,0,0,0,0,0,0,Shrub,Widespread,Xeric,0.22,ND,Vellozia_alutacea,7.25
172,92,Vellozia variabilis,Vellozia variabilis,Single,Heat,1,100*1,NA,16,20,0,0,0,0,0,12,0,3,0,1,0,0,0,0,0,0,0,0,0,0,0,0,0,0,0,0,0,0,0,0,0,Shrub,Widespread,Xeric,0.22,ND,Vellozia_alutacea,5.666666667
173,92,Vellozia variabilis,Vellozia variabilis,Single,Heat,1,200*1,NA,2,21,0,0,0,0,0,2,0,0,0,0,0,0,0,0,0,0,0,0,0,0,0,0,0,0,0,0,0,0,0,0,0,Shrub,Widespread,Xeric,0.22,ND,Vellozia_alutacea,5.5
174,92,Vellozia variabilis,Vellozia variabilis,Single,Heat,1,200*1,NA,3,20,0,0,0,0,0,1,0,0,0,1,0,0,0,0,1,0,0,0,0,0,0,0,0,0,0,0,0,0,0,0,0,Shrub,Widespread,Xeric,0.22,ND,Vellozia_alutacea,9.5
175,92,Vellozia variabilis,Vellozia variabilis,Single,Heat,1,200*1,NA,0,20,0,0,0,0,0,0,0,0,0,0,0,0,0,0,0,0,0,0,0,0,0,0,0,0,0,0,0,0,0,0,0,Shrub,Widespread,Xeric,0.22,ND,Vellozia_alutacea,NA
176,92,Vellozia variabilis,Vellozia variabilis,Single,Heat,1,200*1,NA,18,21,0,0,0,0,0,6,0,1,0,9,0,0,0,0,0,0,0,0,0,2,0,0,0,0,0,0,0,0,0,0,0,Shrub,Widespread,Xeric,0.22,ND,Vellozia_alutacea,9.222222222
177,92,Vellozia variabilis,Vellozia variabilis,Single,Heat,1,200*1,NA,0,18,0,0,0,0,0,0,0,0,0,0,0,0,0,0,0,0,0,0,0,0,0,0,0,0,0,0,0,0,0,0,0,Shrub,Widespread,Xeric,0.22,ND,Vellozia_alutacea,NA
178,19,Vellozia nanuzae,Vellozia nanuzae,Single,Smoke,0,NA,Control,22,26,0,0,0,0,0,0,0,0,3,5,0,0,5,1,3,0,0,2,1,0,0,0,2,0,0,0,0,0,0,0,0,Shrub,Restricted,Xeric,0.58,ND,Vellozia_nanuzae,12.6
179,19,Vellozia nanuzae,Vellozia nanuzae,Single,Smoke,0,NA,Control,21,26,0,0,0,0,0,0,1,2,3,5,0,0,0,2,1,2,0,2,0,2,0,0,1,0,0,0,0,0,0,0,0,Shrub,Restricted,Xeric,0.58,ND,Vellozia_nanuzae,9.9
180,19,Vellozia nanuzae,Vellozia nanuzae,Single,Smoke,0,NA,Control,17,25,0,0,0,0,0,0,0,2,0,5,3,2,1,0,2,0,0,0,0,0,0,0,1,0,0,1,0,0,0,0,0,Shrub,Restricted,Xeric,0.58,ND,Vellozia_nanuzae,10.5
181,19,Vellozia nanuzae,Vellozia nanuzae,Single,Smoke,0,NA,Control,26,26,0,0,0,0,0,0,0,8,0,5,0,0,0,2,2,0,2,1,1,0,1,0,1,0,0,2,1,0,0,0,0,Shrub,Restricted,Xeric,0.58,ND,Vellozia_nanuzae,NA
182,19,Vellozia nanuzae,Vellozia nanuzae,Single,Smoke,0,NA,Control,22,26,0,0,0,0,0,0,3,1,1,2,5,1,1,1,1,2,0,3,0,1,0,0,0,0,0,0,0,0,0,0,0,Shrub,Restricted,Xeric,0.58,ND,Vellozia_nanuzae,10.8
183,19,Vellozia resinosa,Vellozia resinosa,Single,Smoke,0,NA,Control,18,25,0,0,0,0,0,0,2,1,2,7,1,0,2,0,2,0,0,0,0,0,1,0,0,0,0,0,0,0,0,0,0,Shrub,Restricted,Xeric,0.56,ND,Vellozia_resinosa,9.571428571
184,19,Vellozia resinosa,Vellozia resinosa,Single,Smoke,0,NA,Control,21,25,0,0,0,0,0,0,4,0,3,7,1,1,3,0,0,1,0,1,0,0,0,0,0,0,0,0,0,0,0,0,0,Shrub,Restricted,Xeric,0.56,ND,Vellozia_resinosa,9.5
185,19,Vellozia resinosa,Vellozia resinosa,Single,Smoke,0,NA,Control,19,27,0,0,0,0,0,0,6,1,1,5,0,3,0,0,0,2,0,1,0,0,0,0,0,0,0,0,0,0,0,0,0,Shrub,Restricted,Xeric,0.56,ND,Vellozia_resinosa,9.3
186,19,Vellozia resinosa,Vellozia resinosa,Single,Smoke,0,NA,Control,21,26,0,0,0,0,0,0,6,1,4,6,2,0,2,0,0,0,0,0,0,0,0,0,0,0,0,0,0,0,0,0,0,Shrub,Restricted,Xeric,0.56,ND,Vellozia_resinosa,8.875
187,19,Vellozia resinosa,Vellozia resinosa,Single,Smoke,0,NA,Control,25,25,0,0,0,0,0,0,9,0,4,4,2,0,3,0,3,0,0,0,0,0,0,0,0,0,0,0,0,0,0,0,0,Shrub,Restricted,Xeric,0.56,ND,Vellozia_resinosa,8.875
188,19,Vellozia variabilis,Vellozia variabilis,Single,Smoke,0,NA,Control,24,25,0,0,0,0,0,12,1,4,0,1,0,1,1,0,1,1,0,1,0,0,0,0,0,0,0,1,0,0,0,0,0,Shrub,Widespread,Xeric,0.22,ND,Vellozia_alutacea,6
189,19,Vellozia variabilis,Vellozia variabilis,Single,Smoke,0,NA,Control,25,25,0,0,0,0,0,12,1,6,0,0,1,0,0,1,0,1,1,0,1,0,1,0,0,0,0,0,0,0,0,0,0,Shrub,Widespread,Xeric,0.22,ND,Vellozia_alutacea,6.5
190,19,Vellozia variabilis,Vellozia variabilis,Single,Smoke,0,NA,Control,21,25,0,0,0,0,0,12,1,3,0,3,0,0,0,0,1,0,0,1,0,0,0,0,0,0,0,0,0,0,0,0,0,Shrub,Widespread,Xeric,0.22,ND,Vellozia_alutacea,5.875
191,19,Vellozia variabilis,Vellozia variabilis,Single,Smoke,0,NA,Control,18,25,0,0,0,0,0,7,0,3,0,1,0,1,0,2,1,0,1,0,0,0,0,0,0,0,2,0,0,0,0,0,0,Shrub,Widespread,Xeric,0.22,ND,Vellozia_alutacea,7.666666667
192,19,Vellozia variabilis,Vellozia variabilis,Single,Smoke,0,NA,Control,22,25,0,0,0,0,0,12,1,5,0,2,0,0,0,0,0,0,0,0,0,0,0,0,2,0,0,0,0,0,0,0,0,Shrub,Widespread,Xeric,0.22,ND,Vellozia_alutacea,5.916666667
193,19,Xyris pilosa,Xyris pilosa,Single,Smoke,0,NA,Control,20,20,0,0,0,0,0,0,1,2,0,0,0,0,0,0,6,1,0,0,0,0,0,0,0,0,8,2,0,0,0,0,0,Herb,Restricted,Mesic,0.042,ND,Xyris_pilosa,NA
194,19,Xyris pilosa,Xyris pilosa,Single,Smoke,0,NA,Control,16,20,0,0,0,0,0,0,2,0,0,0,1,0,0,0,5,0,0,0,0,2,0,0,0,0,2,0,4,0,0,0,0,Herb,Restricted,Mesic,0.042,ND,Xyris_pilosa,NA
195,19,Xyris pilosa,Xyris pilosa,Single,Smoke,0,NA,Control,25,25,0,0,0,0,0,0,0,0,0,1,0,0,3,0,7,1,0,1,9,0,0,0,0,0,3,0,0,0,0,0,0,Herb,Restricted,Mesic,0.042,ND,Xyris_pilosa,17.5
196,19,Xyris pilosa,Xyris pilosa,Single,Smoke,0,NA,Control,30,32,0,0,0,0,0,0,2,2,3,1,0,0,1,1,4,2,0,1,0,0,0,0,0,0,8,3,2,0,0,0,0,Herb,Restricted,Mesic,0.042,ND,Xyris_pilosa,15.5
197,19,Xyris pilosa,Xyris pilosa,Single,Smoke,0,NA,Control,30,33,0,0,0,0,0,0,1,2,0,0,2,0,4,7,0,1,1,3,3,1,0,0,0,0,4,0,1,0,0,0,0,Herb,Restricted,Mesic,0.042,ND,Xyris_pilosa,13.85714286
198,19,Vellozia nanuzae,Vellozia nanuzae,Single,Smoke,1,NA,Smoke water,20,25,0,0,0,0,0,0,8,4,2,1,0,0,0,0,2,0,0,3,0,0,0,0,0,0,0,0,0,0,0,0,0,Shrub,Restricted,Xeric,0.58,ND,Vellozia_nanuzae,7.5
199,19,Vellozia nanuzae,Vellozia nanuzae,Single,Smoke,1,NA,Smoke water,16,21,0,0,0,0,0,0,6,0,4,0,0,0,1,0,0,0,0,0,2,0,0,1,0,2,0,0,0,0,0,0,0,Shrub,Restricted,Xeric,0.58,ND,Vellozia_nanuzae,8.5
200,19,Vellozia nanuzae,Vellozia nanuzae,Single,Smoke,1,NA,Smoke water,24,24,0,0,0,0,0,0,5,5,0,1,3,0,1,0,6,2,1,0,0,0,0,0,0,0,0,0,0,0,0,0,0,Shrub,Restricted,Xeric,0.58,ND,Vellozia_nanuzae,10.33333333
201,19,Vellozia nanuzae,Vellozia nanuzae,Single,Smoke,1,NA,Smoke water,15,23,0,0,0,0,0,0,8,1,3,1,0,0,0,0,0,1,0,0,0,1,0,0,0,0,0,0,0,0,0,0,0,Shrub,Restricted,Xeric,0.58,ND,Vellozia_nanuzae,6.9375
202,19,Vellozia nanuzae,Vellozia nanuzae,Single,Smoke,1,NA,Smoke water,24,25,0,0,0,0,0,0,12,2,1,3,0,0,0,0,2,2,1,0,0,0,0,0,0,1,0,0,0,0,0,0,0,Shrub,Restricted,Xeric,0.58,ND,Vellozia_nanuzae,7
203,19,Vellozia resinosa,Vellozia resinosa,Single,Smoke,1,NA,Smoke water,20,24,0,0,0,0,0,7,6,1,2,3,0,0,0,0,1,0,0,0,0,0,0,0,0,0,0,0,0,0,0,0,0,Shrub,Restricted,Xeric,0.56,ND,Vellozia_resinosa,6.5
204,19,Vellozia resinosa,Vellozia resinosa,Single,Smoke,1,NA,Smoke water,22,25,0,0,0,0,0,0,15,4,0,1,2,0,0,0,0,0,0,0,0,0,0,0,0,0,0,0,0,0,0,0,0,Shrub,Restricted,Xeric,0.56,ND,Vellozia_resinosa,6.733333333
205,19,Vellozia resinosa,Vellozia resinosa,Single,Smoke,1,NA,Smoke water,19,25,0,0,0,0,0,0,10,2,2,2,0,1,1,0,0,0,0,0,0,0,0,0,0,1,0,0,0,0,0,0,0,Shrub,Restricted,Xeric,0.56,ND,Vellozia_resinosa,6.95
206,19,Vellozia resinosa,Vellozia resinosa,Single,Smoke,1,NA,Smoke water,22,24,0,0,0,0,0,0,12,5,2,0,0,0,2,1,0,0,0,0,0,0,0,0,0,0,0,0,0,0,0,0,0,Shrub,Restricted,Xeric,0.56,ND,Vellozia_resinosa,6.916666667
207,19,Vellozia resinosa,Vellozia resinosa,Single,Smoke,1,NA,Smoke water,25,25,0,0,0,0,0,10,8,1,2,1,0,0,3,0,0,0,0,0,0,0,0,0,0,0,0,0,0,0,0,0,0,Shrub,Restricted,Xeric,0.56,ND,Vellozia_resinosa,6.3125
208,19,Vellozia variabilis,Vellozia variabilis,Single,Smoke,1,NA,Smoke water,18,25,0,0,0,0,0,10,3,1,0,0,0,0,1,0,0,0,0,0,0,0,0,0,1,2,0,0,0,0,0,0,0,Shrub,Widespread,Xeric,0.22,ND,Vellozia_alutacea,5.9
209,19,Vellozia variabilis,Vellozia variabilis,Single,Smoke,1,NA,Smoke water,25,25,0,0,0,0,0,0,16,2,2,0,0,0,1,0,0,0,1,0,1,2,0,0,0,0,0,0,0,0,0,0,0,Shrub,Widespread,Xeric,0.22,ND,Vellozia_alutacea,6.78125
210,19,Vellozia variabilis,Vellozia variabilis,Single,Smoke,1,NA,Smoke water,18,25,0,0,0,0,0,0,15,0,0,1,0,1,1,0,0,0,0,0,0,0,0,0,0,0,0,0,0,0,0,0,0,Shrub,Widespread,Xeric,0.22,ND,Vellozia_alutacea,6.6
211,19,Vellozia variabilis,Vellozia variabilis,Single,Smoke,1,NA,Smoke water,20,22,0,0,0,0,0,0,10,3,1,1,0,0,0,0,3,0,1,0,0,0,0,0,0,1,0,0,0,0,0,0,0,Shrub,Widespread,Xeric,0.22,ND,Vellozia_alutacea,7
212,19,Vellozia variabilis,Vellozia variabilis,Single,Smoke,1,NA,Smoke water,20,26,0,0,0,0,0,2,13,2,0,1,0,1,0,0,0,0,0,0,0,0,0,0,0,1,0,0,0,0,0,0,0,Shrub,Widespread,Xeric,0.22,ND,Vellozia_alutacea,6.615384615
213,19,Xyris pilosa,Xyris pilosa,Single,Smoke,1,NA,Smoke water,21,21,0,0,0,0,0,0,10,0,1,0,0,0,0,3,1,6,0,0,0,0,0,0,0,0,0,0,0,0,0,0,0,Herb,Restricted,Mesic,0.042,ND,Xyris_pilosa,8.5
214,19,Xyris pilosa,Xyris pilosa,Single,Smoke,1,NA,Smoke water,16,16,0,0,0,0,0,7,1,1,0,1,0,0,0,0,0,0,4,0,0,2,0,0,0,0,0,0,0,0,0,0,0,Herb,Restricted,Mesic,0.042,ND,Xyris_pilosa,7
215,19,Xyris pilosa,Xyris pilosa,Single,Smoke,1,NA,Smoke water,19,19,0,0,0,0,0,7,0,2,0,0,0,2,0,0,2,5,1,0,0,0,0,0,0,0,0,0,0,0,0,0,0,Herb,Restricted,Mesic,0.042,ND,Xyris_pilosa,11.25
216,19,Xyris pilosa,Xyris pilosa,Single,Smoke,1,NA,Smoke water,18,18,0,0,0,0,0,0,6,0,0,1,2,2,0,0,0,4,3,0,0,0,0,0,0,0,0,0,0,0,0,0,0,Herb,Restricted,Mesic,0.042,ND,Xyris_pilosa,11
217,19,Xyris pilosa,Xyris pilosa,Single,Smoke,1,NA,Smoke water,19,19,0,0,0,0,0,0,6,0,0,2,0,0,0,0,6,5,0,0,0,0,0,0,0,0,0,0,0,0,0,0,0,Herb,Restricted,Mesic,0.042,ND,Xyris_pilosa,14.25
218,37,Lessingianthus linearifolius,Lessingianthus linearifolius,Single,Smoke,0,NA,Control,9,20,0,0,0,0,0,6,0,1,0,2,0,0,0,0,0,0,0,0,0,0,0,0,0,0,0,0,0,0,0,0,0,Shrub,Widespread,Xeric,NA,ND,Lessingianthus_linearifolius,5.75
219,37,Lessingianthus linearifolius,Lessingianthus linearifolius,Single,Smoke,0,NA,Control,8,20,0,0,0,0,0,6,0,2,0,0,0,0,0,0,0,0,0,0,0,0,0,0,0,0,0,0,0,0,0,0,0,Shrub,Widespread,Xeric,NA,ND,Lessingianthus_linearifolius,5.666666667
220,37,Lessingianthus linearifolius,Lessingianthus linearifolius,Single,Smoke,0,NA,Control,8,20,0,0,0,0,0,3,0,1,2,2,0,0,0,0,0,0,0,0,0,0,0,0,0,0,0,0,0,0,0,0,0,Shrub,Widespread,Xeric,NA,ND,Lessingianthus_linearifolius,8
221,37,Lessingianthus linearifolius,Lessingianthus linearifolius,Single,Smoke,0,NA,Control,8,20,0,0,0,0,0,3,3,2,0,0,0,0,0,0,0,0,0,0,0,0,0,0,0,0,0,0,0,0,0,0,0,Shrub,Widespread,Xeric,NA,ND,Lessingianthus_linearifolius,6.333333333
222,37,Lessingianthus linearifolius,Lessingianthus linearifolius,Single,Smoke,0,NA,Control,8,20,0,0,0,0,0,6,0,2,0,0,0,0,0,0,0,0,0,0,0,0,0,0,0,0,0,0,0,0,0,0,0,Shrub,Widespread,Xeric,NA,ND,Lessingianthus_linearifolius,5.666666667
223,37,Lessingianthus linearifolius,Lessingianthus linearifolius,Single,Smoke,1,NA,Smoke water,7,20,0,0,0,0,0,2,0,4,1,0,0,0,0,0,0,0,0,0,0,0,0,0,0,0,0,0,0,0,0,0,0,Shrub,Widespread,Xeric,NA,ND,Lessingianthus_linearifolius,7.375
224,37,Lessingianthus linearifolius,Lessingianthus linearifolius,Single,Smoke,1,NA,Smoke water,4,20,0,0,0,0,0,3,0,0,0,0,1,0,0,0,0,0,0,0,0,0,0,0,0,0,0,0,0,0,0,0,0,Shrub,Widespread,Xeric,NA,ND,Lessingianthus_linearifolius,5.666666667
225,37,Lessingianthus linearifolius,Lessingianthus linearifolius,Single,Smoke,1,NA,Smoke water,2,20,0,0,0,0,1,0,0,0,0,1,0,0,0,0,0,0,0,0,0,0,0,0,0,0,0,0,0,0,0,0,0,Shrub,Widespread,Xeric,NA,ND,Lessingianthus_linearifolius,NA
226,37,Lessingianthus linearifolius,Lessingianthus linearifolius,Single,Smoke,1,NA,Smoke water,8,20,0,0,0,0,0,2,1,4,0,1,0,0,0,0,0,0,0,0,0,0,0,0,0,0,0,0,0,0,0,0,0,Shrub,Widespread,Xeric,NA,ND,Lessingianthus_linearifolius,7.25
227,37,Lessingianthus linearifolius,Lessingianthus linearifolius,Single,Smoke,1,NA,Smoke water,4,20,0,0,0,0,0,2,0,0,0,2,0,0,0,0,0,0,0,0,0,0,0,0,0,0,0,0,0,0,0,0,0,Shrub,Widespread,Xeric,NA,ND,Lessingianthus_linearifolius,NA
228,37,Vellozia caruncularis,Vellozia caruncularis,Single,Smoke,0,NA,Control,18,20,0,0,0,6,3,2,0,4,0,0,1,0,0,0,0,0,0,0,0,1,1,0,0,0,0,0,0,0,0,0,0,Herb,Restricted,Xeric,0.155,ND,Vellozia_caruncularis,5
229,37,Vellozia caruncularis,Vellozia caruncularis,Single,Smoke,0,NA,Control,17,20,0,0,2,4,5,3,0,2,0,0,0,1,0,0,0,0,0,0,0,0,0,0,0,0,0,0,0,0,0,0,0,Herb,Restricted,Xeric,0.155,ND,Vellozia_caruncularis,4.5
230,37,Vellozia caruncularis,Vellozia caruncularis,Single,Smoke,0,NA,Control,18,20,0,0,0,3,5,5,0,5,0,0,0,0,0,0,0,0,0,0,0,0,0,0,0,0,0,0,0,0,0,0,0,Herb,Restricted,Xeric,0.155,ND,Vellozia_caruncularis,5.2
231,37,Vellozia caruncularis,Vellozia caruncularis,Single,Smoke,0,NA,Control,14,20,0,0,0,2,5,1,0,5,0,1,0,0,0,0,0,0,0,0,0,0,0,0,0,0,0,0,0,0,0,0,0,Herb,Restricted,Xeric,0.155,ND,Vellozia_caruncularis,5
232,37,Vellozia caruncularis,Vellozia caruncularis,Single,Smoke,0,NA,Control,17,20,0,0,0,5,3,4,0,3,0,1,1,0,0,0,0,0,0,0,0,0,0,0,0,0,0,0,0,0,0,0,0,Herb,Restricted,Xeric,0.155,ND,Vellozia_caruncularis,5.125
233,37,Vellozia caruncularis,Vellozia caruncularis,Single,Smoke,1,NA,Smoke water,16,20,0,0,2,9,3,1,0,0,0,0,0,0,0,0,0,0,0,0,0,0,0,0,1,0,0,0,0,0,0,0,0,Herb,Restricted,Xeric,0.155,ND,Vellozia_caruncularis,3.666666667
234,37,Vellozia caruncularis,Vellozia caruncularis,Single,Smoke,1,NA,Smoke water,14,20,0,0,1,5,4,2,0,0,2,0,0,0,0,0,0,0,0,0,0,0,0,0,0,0,0,0,0,0,0,0,0,Herb,Restricted,Xeric,0.155,ND,Vellozia_caruncularis,4.25
235,37,Vellozia caruncularis,Vellozia caruncularis,Single,Smoke,1,NA,Smoke water,17,20,0,0,3,3,4,0,0,2,1,0,1,0,0,0,0,1,0,1,0,0,0,0,0,0,0,0,0,0,0,0,1,Herb,Restricted,Xeric,0.155,ND,Vellozia_caruncularis,4.625
236,37,Vellozia caruncularis,Vellozia caruncularis,Single,Smoke,1,NA,Smoke water,17,20,0,0,0,5,10,1,0,1,0,0,0,0,0,0,0,0,0,0,0,0,0,0,0,0,0,0,0,0,0,0,0,Herb,Restricted,Xeric,0.155,ND,Vellozia_caruncularis,4.35
237,37,Vellozia caruncularis,Vellozia caruncularis,Single,Smoke,1,NA,Smoke water,18,20,0,0,3,3,1,6,0,3,0,0,1,0,0,0,1,0,0,0,0,0,0,0,0,0,0,0,0,0,0,0,0,Herb,Restricted,Xeric,0.155,ND,Vellozia_caruncularis,5.333333333
238,37,Vellozia epidendroides,Vellozia epidendroides,Single,Smoke,0,NA,Control,35,40,0,0,0,0,0,0,1,1,4,4,4,3,5,3,2,2,2,0,1,0,0,0,1,0,1,1,0,0,0,0,0,Shrub,Restricted,Mesic/Xeric,0.58,ND,Vellozia_epidendroides,12.1
239,37,Vellozia epidendroides,Vellozia epidendroides,Single,Smoke,0,NA,Control,35,40,0,0,0,1,0,0,0,0,2,3,4,1,4,1,3,3,6,1,0,0,0,2,2,0,0,2,0,0,0,0,0,Shrub,Restricted,Mesic/Xeric,0.58,ND,Vellozia_epidendroides,14.5
240,37,Vellozia epidendroides,Vellozia epidendroides,Single,Smoke,0,NA,Control,33,40,0,0,0,0,0,0,0,2,2,2,3,2,4,2,1,2,3,4,2,0,0,0,0,0,2,0,0,0,1,1,0,Shrub,Restricted,Mesic/Xeric,0.58,ND,Vellozia_epidendroides,13.75
241,37,Vellozia epidendroides,Vellozia epidendroides,Single,Smoke,0,NA,Control,28,40,0,0,0,0,0,0,0,1,1,2,0,1,3,2,2,3,3,2,2,0,0,2,0,0,2,0,0,0,1,1,0,Shrub,Restricted,Mesic/Xeric,0.58,ND,Vellozia_epidendroides,15.66666667
242,37,Vellozia epidendroides,Vellozia epidendroides,Single,Smoke,0,NA,Control,35,40,0,0,0,0,1,0,1,1,3,4,9,1,3,1,1,1,2,0,1,1,0,1,0,0,1,1,0,0,1,0,1,Shrub,Restricted,Mesic/Xeric,0.58,ND,Vellozia_epidendroides,10.83333333
243,37,Vellozia epidendroides,Vellozia epidendroides,Single,Smoke,1,NA,Smoke water,15,20,0,0,0,0,0,0,0,0,0,3,0,5,0,4,0,0,2,0,0,0,0,0,0,0,0,0,0,1,0,0,0,Shrub,Restricted,Mesic/Xeric,0.58,ND,Vellozia_epidendroides,11.9
244,37,Vellozia epidendroides,Vellozia epidendroides,Single,Smoke,1,NA,Smoke water,17,20,0,0,0,0,0,0,0,0,0,2,0,3,0,4,0,1,6,0,0,0,0,0,0,1,0,0,0,0,0,0,0,Shrub,Restricted,Mesic/Xeric,0.58,ND,Vellozia_epidendroides,13.875
245,37,Vellozia epidendroides,Vellozia epidendroides,Single,Smoke,1,NA,Smoke water,18,20,0,0,0,0,0,0,0,0,0,4,0,6,0,4,0,1,2,0,0,0,0,0,0,0,0,0,0,0,0,0,1,Shrub,Restricted,Mesic/Xeric,0.58,ND,Vellozia_epidendroides,11.83333333
246,37,Vellozia epidendroides,Vellozia epidendroides,Single,Smoke,1,NA,Smoke water,18,20,0,0,0,0,0,0,0,0,0,5,0,4,0,3,0,0,2,0,0,0,0,0,0,2,0,1,0,0,0,0,1,Shrub,Restricted,Mesic/Xeric,0.58,ND,Vellozia_epidendroides,NA
247,37,Vellozia epidendroides,Vellozia epidendroides,Single,Smoke,1,NA,Smoke water,17,20,0,0,0,0,0,0,0,0,0,5,0,2,0,4,0,0,3,0,0,0,0,0,0,2,0,0,0,1,0,0,0,Shrub,Restricted,Mesic/Xeric,0.58,ND,Vellozia_epidendroides,13.375
248,37,Vellozia resinosa,Vellozia resinosa,Single,Smoke,0,NA,Control,35,40,0,0,0,0,4,11,6,6,4,1,1,2,0,0,0,0,0,0,0,0,0,0,0,0,0,0,0,0,0,0,0,Shrub,Restricted,Xeric,0.56,ND,Vellozia_resinosa,6.416666667
249,37,Vellozia resinosa,Vellozia resinosa,Single,Smoke,0,NA,Control,37,40,0,0,0,0,4,8,8,8,4,2,1,1,0,1,0,0,0,0,0,0,0,0,0,0,0,0,0,0,0,0,0,Shrub,Restricted,Xeric,0.56,ND,Vellozia_resinosa,6.8125
250,37,Vellozia resinosa,Vellozia resinosa,Single,Smoke,0,NA,Control,39,40,0,0,0,0,2,8,9,8,7,2,2,1,0,0,0,0,0,0,0,0,0,0,0,0,0,0,0,0,0,0,0,Shrub,Restricted,Xeric,0.56,ND,Vellozia_resinosa,7.0625
251,37,Vellozia resinosa,Vellozia resinosa,Single,Smoke,0,NA,Control,38,40,0,0,0,0,0,8,6,11,5,4,2,1,1,0,0,0,0,0,0,0,0,0,0,0,0,0,0,0,0,0,0,Shrub,Restricted,Xeric,0.56,ND,Vellozia_resinosa,7.454545455
252,37,Vellozia resinosa,Vellozia resinosa,Single,Smoke,0,NA,Control,33,40,0,0,0,0,0,5,4,6,5,4,3,2,0,2,0,1,1,0,0,0,0,0,0,0,0,0,0,0,0,0,0,Shrub,Restricted,Xeric,0.56,ND,Vellozia_resinosa,8.3
253,37,Vellozia resinosa,Vellozia resinosa,Single,Smoke,1,NA,Smoke water,20,20,0,0,0,0,0,0,9,0,11,0,0,0,0,0,0,0,0,0,0,0,0,0,0,0,0,0,0,0,0,0,0,Shrub,Restricted,Xeric,0.56,ND,Vellozia_resinosa,8.090909091
254,37,Vellozia resinosa,Vellozia resinosa,Single,Smoke,1,NA,Smoke water,20,20,0,0,0,0,0,0,15,0,5,0,0,0,0,0,0,0,0,0,0,0,0,0,0,0,0,0,0,0,0,0,0,Shrub,Restricted,Xeric,0.56,ND,Vellozia_resinosa,6.666666667
255,37,Vellozia resinosa,Vellozia resinosa,Single,Smoke,1,NA,Smoke water,16,20,0,0,0,0,0,0,9,0,4,0,0,3,0,0,0,0,0,0,0,0,0,0,0,0,0,0,0,0,0,0,0,Shrub,Restricted,Xeric,0.56,ND,Vellozia_resinosa,6.888888889
256,37,Vellozia resinosa,Vellozia resinosa,Single,Smoke,1,NA,Smoke water,18,20,0,0,0,0,0,0,7,0,9,0,0,1,0,0,0,0,0,0,0,0,0,1,0,0,0,0,0,0,0,0,0,Shrub,Restricted,Xeric,0.56,ND,Vellozia_resinosa,8.222222222
257,37,Vellozia resinosa,Vellozia resinosa,Single,Smoke,1,NA,Smoke water,20,20,0,0,0,0,0,0,11,0,9,0,0,0,0,0,0,0,0,0,0,0,0,0,0,0,0,0,0,0,0,0,0,Shrub,Restricted,Xeric,0.56,ND,Vellozia_resinosa,6.909090909
258,37,Vellozia variabilis,Vellozia variabilis,Single,Smoke,0,NA,Control,17,20,0,0,0,3,7,2,0,0,0,1,2,0,0,1,0,1,0,0,0,0,0,0,0,0,0,0,0,0,0,0,0,Shrub,Widespread,Xeric,0.22,ND,Vellozia_alutacea,4.785714286
259,37,Vellozia variabilis,Vellozia variabilis,Single,Smoke,0,NA,Control,17,20,0,0,0,3,5,6,0,1,1,1,0,0,0,0,0,0,0,0,0,0,0,0,0,0,0,0,0,0,0,0,0,Shrub,Widespread,Xeric,0.22,ND,Vellozia_alutacea,5.083333333
260,37,Vellozia variabilis,Vellozia variabilis,Single,Smoke,0,NA,Control,17,20,0,0,0,2,7,5,0,1,0,0,0,0,0,0,0,0,0,0,0,0,0,0,1,0,0,0,0,0,0,0,1,Shrub,Widespread,Xeric,0.22,ND,Vellozia_alutacea,4.928571429
261,37,Vellozia variabilis,Vellozia variabilis,Single,Smoke,0,NA,Control,17,20,0,0,0,3,6,4,1,0,0,0,0,1,0,0,2,0,0,0,0,0,0,0,0,0,0,0,0,0,0,0,0,Shrub,Widespread,Xeric,0.22,ND,Vellozia_alutacea,4.916666667
262,37,Vellozia variabilis,Vellozia variabilis,Single,Smoke,0,NA,Control,20,20,0,0,0,3,10,2,0,2,0,1,0,0,0,0,0,2,0,0,0,0,0,0,0,0,0,0,0,0,0,0,0,Shrub,Widespread,Xeric,0.22,ND,Vellozia_alutacea,4.7
263,37,Vellozia variabilis,Vellozia variabilis,Single,Smoke,1,NA,Smoke water,18,20,0,0,0,2,6,5,0,1,0,2,0,0,0,0,0,1,1,0,0,0,0,0,0,0,0,0,0,0,0,0,0,Shrub,Widespread,Xeric,0.22,ND,Vellozia_alutacea,5.2
264,37,Vellozia variabilis,Vellozia variabilis,Single,Smoke,1,NA,Smoke water,20,20,0,0,0,3,12,3,0,1,0,0,0,0,0,0,0,0,0,0,0,0,0,0,1,0,0,0,0,0,0,0,0,Shrub,Widespread,Xeric,0.22,ND,Vellozia_alutacea,4.583333333
265,37,Vellozia variabilis,Vellozia variabilis,Single,Smoke,1,NA,Smoke water,20,20,0,0,0,2,12,4,0,1,0,1,0,0,0,0,0,0,0,0,0,0,0,0,0,0,0,0,0,0,0,0,0,Shrub,Widespread,Xeric,0.22,ND,Vellozia_alutacea,4.666666667
266,37,Vellozia variabilis,Vellozia variabilis,Single,Smoke,1,NA,Smoke water,19,20,0,0,1,4,7,2,0,1,0,1,1,0,0,0,0,1,0,0,0,0,0,0,1,0,0,0,0,0,0,0,0,Shrub,Widespread,Xeric,0.22,ND,Vellozia_alutacea,4.642857143
267,37,Vellozia variabilis,Vellozia variabilis,Single,Smoke,1,NA,Smoke water,20,20,0,0,1,1,11,3,0,4,0,0,0,0,0,0,0,0,0,0,0,0,0,0,0,0,0,0,0,0,0,0,0,Shrub,Widespread,Xeric,0.22,ND,Vellozia_alutacea,4.727272727
268,37,Xyris obtusiuscula,Xyris obtusiuscula,Single,Smoke,0,NA,Control,6,40,0,0,0,0,0,0,0,0,0,1,2,0,0,0,0,0,0,0,0,2,0,0,1,0,0,0,0,0,0,0,0,Herb,Restricted,Mesic/Xeric,0.042,D,Xyris_obtusiuscula,NA
269,37,Xyris obtusiuscula,Xyris obtusiuscula,Single,Smoke,0,NA,Control,9,40,0,0,0,0,0,0,0,0,1,0,0,1,1,0,1,0,0,0,5,0,0,0,0,0,0,0,0,0,0,0,0,Herb,Restricted,Mesic/Xeric,0.042,D,Xyris_obtusiuscula,18.1
270,37,Xyris obtusiuscula,Xyris obtusiuscula,Single,Smoke,0,NA,Control,23,40,0,0,0,0,0,0,0,0,0,2,0,0,0,2,2,1,2,9,3,0,0,0,2,0,0,0,0,0,0,0,0,Herb,Restricted,Mesic/Xeric,0.042,D,Xyris_obtusiuscula,17.27777778
271,37,Xyris obtusiuscula,Xyris obtusiuscula,Single,Smoke,0,NA,Control,6,40,0,0,0,0,0,0,0,0,1,0,0,0,0,0,2,0,0,0,0,2,0,0,1,0,0,0,0,0,0,0,0,Herb,Restricted,Mesic/Xeric,0.042,D,Xyris_obtusiuscula,NA
272,37,Xyris obtusiuscula,Xyris obtusiuscula,Single,Smoke,0,NA,Control,14,40,0,0,0,0,0,0,0,0,0,0,2,1,1,0,1,0,0,5,2,1,0,0,1,0,0,0,0,0,0,0,0,Herb,Restricted,Mesic/Xeric,0.042,D,Xyris_obtusiuscula,17.4
273,37,Xyris obtusiuscula,Xyris obtusiuscula,Single,Smoke,1,NA,Smoke water,12,20,0,0,0,0,0,0,0,0,0,2,0,2,0,0,0,0,0,0,0,1,0,0,0,1,2,0,0,1,0,0,3,Herb,Restricted,Mesic/Xeric,0.042,D,Xyris_obtusiuscula,24
274,37,Xyris obtusiuscula,Xyris obtusiuscula,Single,Smoke,1,NA,Smoke water,9,20,0,0,0,0,0,0,0,0,0,0,0,2,0,1,0,2,0,0,3,1,0,0,0,0,0,0,0,0,0,0,0,Herb,Restricted,Mesic/Xeric,0.042,D,Xyris_obtusiuscula,15.75
275,37,Xyris obtusiuscula,Xyris obtusiuscula,Single,Smoke,1,NA,Smoke water,11,20,0,0,0,0,0,0,0,0,0,0,0,1,0,2,0,0,0,0,0,0,0,1,0,5,0,2,0,0,0,0,0,Herb,Restricted,Mesic/Xeric,0.042,D,Xyris_obtusiuscula,23.3
276,37,Xyris obtusiuscula,Xyris obtusiuscula,Single,Smoke,1,NA,Smoke water,5,20,0,0,0,0,0,0,0,0,0,0,0,1,0,0,0,2,2,0,0,0,0,0,0,0,0,0,0,0,0,0,0,Herb,Restricted,Mesic/Xeric,0.042,D,Xyris_obtusiuscula,15.75
277,37,Xyris obtusiuscula,Xyris obtusiuscula,Single,Smoke,1,NA,Smoke water,4,20,0,0,0,0,0,0,0,0,0,1,0,2,0,0,0,0,1,0,0,0,0,0,0,0,0,0,0,0,0,0,0,Herb,Restricted,Mesic/Xeric,0.042,D,Xyris_obtusiuscula,11.5
278,37,Xyris pilosa,Xyris pilosa,Single,Smoke,0,NA,Control,30,40,0,0,0,0,5,10,2,0,0,1,0,0,0,1,3,2,1,1,2,1,0,0,0,0,0,1,0,0,0,0,0,Herb,Restricted,Mesic,0.042,ND,Xyris_pilosa,6
279,37,Xyris pilosa,Xyris pilosa,Single,Smoke,0,NA,Control,36,40,0,0,0,0,2,1,1,1,0,1,3,14,9,0,0,1,0,0,1,0,1,0,0,0,0,0,0,0,0,1,0,Herb,Restricted,Mesic,0.042,ND,Xyris_pilosa,11.64285714
280,37,Xyris pilosa,Xyris pilosa,Single,Smoke,0,NA,Control,35,40,0,0,0,0,2,6,5,3,1,1,3,3,1,3,3,2,1,1,0,0,0,0,0,0,0,0,0,0,0,0,0,Herb,Restricted,Mesic,0.042,ND,Xyris_pilosa,9.5
281,37,Xyris pilosa,Xyris pilosa,Single,Smoke,0,NA,Control,32,40,0,0,0,0,3,8,2,1,1,0,1,1,0,3,6,4,0,1,1,0,0,0,0,0,0,0,0,0,0,0,0,Herb,Restricted,Mesic,0.042,ND,Xyris_pilosa,11
282,37,Xyris pilosa,Xyris pilosa,Single,Smoke,0,NA,Control,26,40,0,0,0,0,1,6,2,2,0,0,2,2,1,2,1,0,2,1,1,0,1,0,2,0,0,0,0,0,0,0,0,Herb,Restricted,Mesic,0.042,ND,Xyris_pilosa,11
283,37,Xyris pilosa,Xyris pilosa,Single,Smoke,1,NA,Smoke water,15,20,0,0,0,0,0,3,0,3,0,4,0,1,1,0,0,0,0,2,0,0,0,1,0,0,0,0,0,0,0,0,0,Herb,Restricted,Mesic,0.042,ND,Xyris_pilosa,9.375
284,37,Xyris pilosa,Xyris pilosa,Single,Smoke,1,NA,Smoke water,15,20,0,0,0,0,0,0,0,12,0,1,0,0,0,0,1,0,0,0,0,0,0,0,0,0,0,0,0,0,0,0,1,Herb,Restricted,Mesic,0.042,ND,Xyris_pilosa,7.625
285,37,Xyris pilosa,Xyris pilosa,Single,Smoke,1,NA,Smoke water,18,20,0,0,0,0,0,9,0,9,0,0,0,0,0,0,0,0,0,0,0,0,0,0,0,0,0,0,0,0,0,0,0,Herb,Restricted,Mesic,0.042,ND,Xyris_pilosa,NA
286,37,Xyris pilosa,Xyris pilosa,Single,Smoke,1,NA,Smoke water,14,20,0,0,0,0,0,7,0,5,0,0,0,0,1,0,0,0,0,1,0,0,0,0,0,0,0,0,0,0,0,0,0,Herb,Restricted,Mesic,0.042,ND,Xyris_pilosa,NA
287,37,Xyris pilosa,Xyris pilosa,Single,Smoke,1,NA,Smoke water,10,20,0,0,0,0,0,2,0,5,0,1,0,0,1,0,0,0,0,1,0,0,0,0,0,0,0,0,0,0,0,0,0,Herb,Restricted,Mesic,0.042,ND,Xyris_pilosa,7.6
288,92,Vellozia variabilis,Vellozia variabilis,Single,Smoke,0,NA,Control,12,14,0,5,0,6,0,1,0,0,0,0,0,0,0,0,0,0,0,0,0,0,0,0,0,0,0,0,0,0,0,0,0,Shrub,Widespread,Xeric,0.22,ND,Vellozia_alutacea,3.166666667
289,92,Vellozia variabilis,Vellozia variabilis,Single,Smoke,0,NA,Control,23,24,0,9,0,10,0,1,0,0,2,0,0,0,0,0,0,0,0,0,0,0,0,0,1,0,0,0,0,0,0,0,0,Shrub,Widespread,Xeric,0.22,ND,Vellozia_alutacea,3.25
290,92,Vellozia variabilis,Vellozia variabilis,Single,Smoke,0,NA,Control,23,24,0,6,0,13,0,0,0,0,1,0,2,0,0,0,0,1,0,0,0,0,0,0,0,0,0,0,0,0,0,0,0,Shrub,Widespread,Xeric,0.22,ND,Vellozia_alutacea,3.423076923
291,92,Vellozia variabilis,Vellozia variabilis,Single,Smoke,0,NA,Control,18,21,0,8,0,9,0,0,0,0,1,0,0,0,0,0,0,0,0,0,0,0,0,0,0,0,0,0,0,0,0,0,0,Shrub,Widespread,Xeric,0.22,ND,Vellozia_alutacea,3.111111111
292,92,Vellozia variabilis,Vellozia variabilis,Single,Smoke,0,NA,Control,18,21,0,4,0,11,0,2,0,0,1,0,0,0,0,0,0,0,0,0,0,0,0,0,0,0,0,0,0,0,0,0,0,Shrub,Widespread,Xeric,0.22,ND,Vellozia_alutacea,3.454545455
293,92,Vellozia variabilis,Vellozia variabilis,Single,Smoke,1,NA,Smoke water,19,20,0,9,0,10,0,0,0,0,0,0,0,0,0,0,0,0,0,0,0,0,0,0,0,0,0,0,0,0,0,0,0,Shrub,Widespread,Xeric,0.22,ND,Vellozia_alutacea,3.05
294,92,Vellozia variabilis,Vellozia variabilis,Single,Smoke,1,NA,Smoke water,21,22,0,8,0,12,0,0,0,0,0,0,0,0,0,0,0,0,0,0,0,1,0,0,0,0,0,0,0,0,0,0,0,Shrub,Widespread,Xeric,0.22,ND,Vellozia_alutacea,3.208333333
295,92,Vellozia variabilis,Vellozia variabilis,Single,Smoke,1,NA,Smoke water,16,20,0,9,0,7,0,0,0,0,0,0,0,0,0,0,0,0,0,0,0,0,0,0,0,0,0,0,0,0,0,0,0,Shrub,Widespread,Xeric,0.22,ND,Vellozia_alutacea,1.888888889
296,92,Vellozia variabilis,Vellozia variabilis,Single,Smoke,1,NA,Smoke water,17,22,0,10,0,7,0,0,0,0,0,0,0,0,0,0,0,0,0,0,0,0,0,0,0,0,0,0,0,0,0,0,0,Shrub,Widespread,Xeric,0.22,ND,Vellozia_alutacea,1.85
297,92,Vellozia variabilis,Vellozia variabilis,Single,Smoke,1,NA,Smoke water,16,20,0,8,0,6,0,2,0,0,0,0,0,0,0,0,0,0,0,0,0,0,0,0,0,0,0,0,0,0,0,0,0,Shrub,Widespread,Xeric,0.22,ND,Vellozia_alutacea,NA
298,19,Vellozia nanuzae,Vellozia nanuzae,Combined,Combined,0,Control*Control,Control,22,26,0,0,0,0,0,0,0,0,3,5,0,0,5,1,3,0,0,2,1,0,0,0,2,0,0,0,0,0,0,0,0,Shrub,Restricted,Xeric,0.58,ND,Vellozia_nanuzae,12.6
299,19,Vellozia nanuzae,Vellozia nanuzae,Combined,Combined,0,Control*Control,Control,21,26,0,0,0,0,0,0,1,2,3,5,0,0,0,2,1,2,0,2,0,2,0,0,1,0,0,0,0,0,0,0,0,Shrub,Restricted,Xeric,0.58,ND,Vellozia_nanuzae,9.9
300,19,Vellozia nanuzae,Vellozia nanuzae,Combined,Combined,0,Control*Control,Control,17,25,0,0,0,0,0,0,0,2,0,5,3,2,1,0,2,0,0,0,0,0,0,0,1,0,0,1,0,0,0,0,0,Shrub,Restricted,Xeric,0.58,ND,Vellozia_nanuzae,10.5
301,19,Vellozia nanuzae,Vellozia nanuzae,Combined,Combined,0,Control*Control,Control,26,26,0,0,0,0,0,0,0,8,0,5,0,0,0,2,2,0,2,1,1,0,1,0,1,0,0,2,1,0,0,0,0,Shrub,Restricted,Xeric,0.58,ND,Vellozia_nanuzae,NA
302,19,Vellozia nanuzae,Vellozia nanuzae,Combined,Combined,0,Control*Control,Control,22,26,0,0,0,0,0,0,3,1,1,2,5,1,1,1,1,2,0,3,0,1,0,0,0,0,0,0,0,0,0,0,0,Shrub,Restricted,Xeric,0.58,ND,Vellozia_nanuzae,10.8
303,19,Vellozia variabilis,Vellozia variabilis,Combined,Combined,0,Control*Control,Control,24,25,0,0,0,0,0,12,1,4,0,1,0,1,1,0,1,1,0,1,0,0,0,0,0,0,0,1,0,0,0,0,0,Shrub,Widespread,Xeric,0.22,ND,Vellozia_alutacea,6
304,19,Vellozia variabilis,Vellozia variabilis,Combined,Combined,0,Control*Control,Control,25,25,0,0,0,0,0,12,1,6,0,0,1,0,0,1,0,1,1,0,1,0,1,0,0,0,0,0,0,0,0,0,0,Shrub,Widespread,Xeric,0.22,ND,Vellozia_alutacea,6.5
305,19,Vellozia variabilis,Vellozia variabilis,Combined,Combined,0,Control*Control,Control,21,25,0,0,0,0,0,12,1,3,0,3,0,0,0,0,1,0,0,1,0,0,0,0,0,0,0,0,0,0,0,0,0,Shrub,Widespread,Xeric,0.22,ND,Vellozia_alutacea,5.875
306,19,Vellozia variabilis,Vellozia variabilis,Combined,Combined,0,Control*Control,Control,18,25,0,0,0,0,0,7,0,3,0,1,0,1,0,2,1,0,1,0,0,0,0,0,0,0,2,0,0,0,0,0,0,Shrub,Widespread,Xeric,0.22,ND,Vellozia_alutacea,7.666666667
307,19,Vellozia variabilis,Vellozia variabilis,Combined,Combined,0,Control*Control,Control,22,25,0,0,0,0,0,12,1,5,0,2,0,0,0,0,0,0,0,0,0,0,0,0,2,0,0,0,0,0,0,0,0,Shrub,Widespread,Xeric,0.22,ND,Vellozia_alutacea,5.916666667
308,19,Xyris pilosa,Xyris pilosa,Combined,Combined,0,Control*Control,Control,20,20,0,0,0,0,0,0,1,2,0,0,0,0,0,0,6,1,0,0,0,0,0,0,0,0,8,2,0,0,0,0,0,Herb,Restricted,Mesic,0.042,ND,Xyris_pilosa,NA
309,19,Xyris pilosa,Xyris pilosa,Combined,Combined,0,Control*Control,Control,16,20,0,0,0,0,0,0,2,0,0,0,1,0,0,0,5,0,0,0,0,2,0,0,0,0,2,0,4,0,0,0,0,Herb,Restricted,Mesic,0.042,ND,Xyris_pilosa,NA
310,19,Xyris pilosa,Xyris pilosa,Combined,Combined,0,Control*Control,Control,25,25,0,0,0,0,0,0,0,0,0,1,0,0,3,0,7,1,0,1,9,0,0,0,0,0,3,0,0,0,0,0,0,Herb,Restricted,Mesic,0.042,ND,Xyris_pilosa,17.5
311,19,Xyris pilosa,Xyris pilosa,Combined,Combined,0,Control*Control,Control,30,32,0,0,0,0,0,0,2,2,3,1,0,0,1,1,4,2,0,1,0,0,0,0,0,0,8,3,2,0,0,0,0,Herb,Restricted,Mesic,0.042,ND,Xyris_pilosa,15.5
312,19,Xyris pilosa,Xyris pilosa,Combined,Combined,0,Control*Control,Control,30,33,0,0,0,0,0,0,1,2,0,0,2,0,4,7,0,1,1,3,3,1,0,0,0,0,4,0,1,0,0,0,0,Herb,Restricted,Mesic,0.042,ND,Xyris_pilosa,13.85714286
313,19,Vellozia nanuzae,Vellozia nanuzae,Combined,Combined,1,100*5,Smoke water,25,25,0,0,0,0,0,0,5,6,0,1,1,3,2,0,4,0,0,1,1,1,0,0,0,0,0,0,0,0,0,0,0,Shrub,Restricted,Xeric,0.58,ND,Vellozia_nanuzae,10.5
314,19,Vellozia nanuzae,Vellozia nanuzae,Combined,Combined,1,100*5,Smoke water,20,24,0,0,0,0,0,0,4,0,3,0,6,0,2,1,1,1,0,0,0,1,0,0,0,0,0,1,0,0,0,0,0,Shrub,Restricted,Xeric,0.58,ND,Vellozia_nanuzae,10.5
315,19,Vellozia nanuzae,Vellozia nanuzae,Combined,Combined,1,100*5,Smoke water,21,25,0,0,0,0,0,0,1,0,6,0,5,1,1,1,2,0,0,2,0,0,0,0,0,1,0,1,0,0,0,0,0,Shrub,Restricted,Xeric,0.58,ND,Vellozia_nanuzae,10.7
316,19,Vellozia nanuzae,Vellozia nanuzae,Combined,Combined,1,100*5,Smoke water,14,21,0,0,0,0,0,0,3,1,1,5,1,0,0,0,0,0,0,1,0,0,0,0,0,0,2,0,0,0,0,0,0,Shrub,Restricted,Xeric,0.58,ND,Vellozia_nanuzae,9.4
317,19,Vellozia nanuzae,Vellozia nanuzae,Combined,Combined,1,100*5,Smoke water,21,25,0,0,0,0,0,0,2,1,6,1,1,0,3,0,2,1,0,0,0,1,0,0,0,0,0,3,0,0,0,0,0,Shrub,Restricted,Xeric,0.58,ND,Vellozia_nanuzae,10.5
318,19,Vellozia variabilis,Vellozia variabilis,Combined,Combined,1,100*5,Smoke water,4,25,0,0,0,0,0,0,0,0,0,0,0,0,0,0,0,0,0,0,0,0,0,0,2,0,1,1,0,0,0,0,0,Shrub,Widespread,Xeric,0.22,ND,Vellozia_alutacea,NA
319,19,Vellozia variabilis,Vellozia variabilis,Combined,Combined,1,100*5,Smoke water,4,25,0,0,0,0,0,0,0,0,0,0,0,0,1,0,0,0,0,1,0,1,0,0,0,0,0,1,0,0,0,0,0,Shrub,Widespread,Xeric,0.22,ND,Vellozia_alutacea,NA
320,19,Vellozia variabilis,Vellozia variabilis,Combined,Combined,1,100*5,Smoke water,14,24,0,0,0,0,0,0,0,0,0,2,0,1,0,0,0,0,0,4,0,3,0,1,1,1,1,0,0,0,0,0,0,Shrub,Widespread,Xeric,0.22,ND,Vellozia_alutacea,NA
321,19,Vellozia variabilis,Vellozia variabilis,Combined,Combined,1,100*5,Smoke water,2,25,0,0,0,0,0,0,0,0,0,0,0,0,0,0,0,0,0,0,0,1,0,0,0,0,0,1,0,0,0,0,0,Shrub,Widespread,Xeric,0.22,ND,Vellozia_alutacea,NA
322,19,Vellozia variabilis,Vellozia variabilis,Combined,Combined,1,100*5,Smoke water,4,24,0,0,0,0,0,0,0,0,0,0,0,0,2,0,0,0,0,0,1,0,0,0,0,0,0,1,0,0,0,0,0,Shrub,Widespread,Xeric,0.22,ND,Vellozia_alutacea,NA
323,19,Xyris pilosa,Xyris pilosa,Combined,Combined,1,100*5,Smoke water,32,32,0,0,0,0,0,0,2,3,0,0,5,4,4,4,1,4,0,5,0,0,0,0,0,0,0,0,0,0,0,0,0,Herb,Restricted,Mesic,0.042,ND,Xyris_pilosa,12.5
324,19,Xyris pilosa,Xyris pilosa,Combined,Combined,1,100*5,Smoke water,19,19,0,0,0,0,0,0,1,5,0,0,0,0,0,2,5,5,0,0,1,0,0,0,0,0,0,0,0,0,0,0,0,Herb,Restricted,Mesic,0.042,ND,Xyris_pilosa,14.3
325,19,Xyris pilosa,Xyris pilosa,Combined,Combined,1,100*5,Smoke water,32,32,0,0,0,0,0,6,0,0,2,0,2,6,0,6,10,0,0,0,0,0,0,0,0,0,0,0,0,0,0,0,0,Herb,Restricted,Mesic,0.042,ND,Xyris_pilosa,NA
326,19,Xyris pilosa,Xyris pilosa,Combined,Combined,1,100*5,Smoke water,21,21,0,0,0,0,0,0,5,1,1,2,1,1,0,2,1,5,0,0,2,0,0,0,0,0,0,0,0,0,0,0,0,Herb,Restricted,Mesic,0.042,ND,Xyris_pilosa,11.5
327,19,Xyris pilosa,Xyris pilosa,Combined,Combined,1,100*5,Smoke water,25,25,0,0,0,0,0,0,7,0,7,0,4,0,0,3,0,4,0,0,0,0,0,0,0,0,0,0,0,0,0,0,0,Herb,Restricted,Mesic,0.042,ND,Xyris_pilosa,8.785714286