n,ID,Species_reported,Species_accepted,Temperature,Growth_form,Distribution,Microhabitat,Dry_mass,Dormancy,Species_acceptedLCVP,t50_Farooq
1,14,Mimosa calodendron,Mimosa calodendron,25,Shrub,Restricted,Xeric,7.76,D,Mimosa_calodendron,3.705882353
2,14,Mimosa calodendron,Mimosa calodendron,25,Shrub,Restricted,Xeric,7.76,D,Mimosa_calodendron,4.15
3,14,Mimosa calodendron,Mimosa calodendron,25,Shrub,Restricted,Xeric,7.76,D,Mimosa_calodendron,4.125
4,14,Mimosa calodendron,Mimosa calodendron,25,Shrub,Restricted,Xeric,7.76,D,Mimosa_calodendron,3.75
5,14,Mimosa calodendron,Mimosa calodendron,30,Shrub,Restricted,Xeric,7.76,D,Mimosa_calodendron,3.6
6,14,Mimosa calodendron,Mimosa calodendron,30,Shrub,Restricted,Xeric,7.76,D,Mimosa_calodendron,4
7,14,Mimosa calodendron,Mimosa calodendron,30,Shrub,Restricted,Xeric,7.76,D,Mimosa_calodendron,3.5
8,14,Mimosa calodendron,Mimosa calodendron,30,Shrub,Restricted,Xeric,7.76,D,Mimosa_calodendron,2.78125
9,16,Tillandsia gardneri,Tillandsia gardneri,25,Herb,Widespread,Mesic/Xeric,0.669,ND,Tillandsia_gardneri,3.605263158
10,16,Tillandsia gardneri,Tillandsia gardneri,25,Herb,Widespread,Mesic/Xeric,0.669,ND,Tillandsia_gardneri,4.3
11,16,Tillandsia gardneri,Tillandsia gardneri,25,Herb,Widespread,Mesic/Xeric,0.669,ND,Tillandsia_gardneri,3
12,16,Tillandsia gardneri,Tillandsia gardneri,25,Herb,Widespread,Mesic/Xeric,0.669,ND,Tillandsia_gardneri,4.125
13,16,Tillandsia gardneri,Tillandsia gardneri,30,Herb,Widespread,Mesic/Xeric,0.669,ND,Tillandsia_gardneri,3.452380952
14,16,Tillandsia gardneri,Tillandsia gardneri,30,Herb,Widespread,Mesic/Xeric,0.669,ND,Tillandsia_gardneri,3.456521739
15,16,Tillandsia gardneri,Tillandsia gardneri,30,Herb,Widespread,Mesic/Xeric,0.669,ND,Tillandsia_gardneri,3.5
16,16,Tillandsia gardneri,Tillandsia gardneri,30,Herb,Widespread,Mesic/Xeric,0.669,ND,Tillandsia_gardneri,4.166666667
17,16,Vriesea bituminosa,Vriesea bituminosa,25,Herb,Widespread,Mesic/Xeric,0.98,ND,Vriesea_bituminosa,5.590909091
18,16,Vriesea bituminosa,Vriesea bituminosa,25,Herb,Widespread,Mesic/Xeric,0.98,ND,Vriesea_bituminosa,6.375
19,16,Vriesea bituminosa,Vriesea bituminosa,25,Herb,Widespread,Mesic/Xeric,0.98,ND,Vriesea_bituminosa,6.25
20,16,Vriesea bituminosa,Vriesea bituminosa,25,Herb,Widespread,Mesic/Xeric,0.98,ND,Vriesea_bituminosa,6.071428571
21,16,Vriesea bituminosa,Vriesea bituminosa,30,Herb,Widespread,Mesic/Xeric,0.98,ND,Vriesea_bituminosa,6
22,16,Vriesea bituminosa,Vriesea bituminosa,30,Herb,Widespread,Mesic/Xeric,0.98,ND,Vriesea_bituminosa,5.357142857
23,16,Vriesea bituminosa,Vriesea bituminosa,30,Herb,Widespread,Mesic/Xeric,0.98,ND,Vriesea_bituminosa,5.382352941
24,16,Vriesea bituminosa,Vriesea bituminosa,30,Herb,Widespread,Mesic/Xeric,0.98,ND,Vriesea_bituminosa,5.111111111
25,16,Vriesea friburgensis,Vriesea friburgensis,25,Herb,Widespread,Mesic,0.98,ND,Vriesea_friburgensis,1.857142857
26,16,Vriesea friburgensis,Vriesea friburgensis,25,Herb,Widespread,Mesic,0.98,ND,Vriesea_friburgensis,1.694444444
27,16,Vriesea friburgensis,Vriesea friburgensis,25,Herb,Widespread,Mesic,0.98,ND,Vriesea_friburgensis,3.3
28,16,Vriesea friburgensis,Vriesea friburgensis,25,Herb,Widespread,Mesic,0.98,ND,Vriesea_friburgensis,2.5
29,16,Vriesea friburgensis,Vriesea friburgensis,30,Herb,Widespread,Mesic,0.98,ND,Vriesea_friburgensis,1.705882353
30,16,Vriesea friburgensis,Vriesea friburgensis,30,Herb,Widespread,Mesic,0.98,ND,Vriesea_friburgensis,2.375
31,16,Vriesea friburgensis,Vriesea friburgensis,30,Herb,Widespread,Mesic,0.98,ND,Vriesea_friburgensis,2
32,16,Vriesea friburgensis,Vriesea friburgensis,30,Herb,Widespread,Mesic,0.98,ND,Vriesea_friburgensis,2.1
33,16,Tillandsia gardneri,Tillandsia gardneri,25,Herb,Widespread,Mesic/Xeric,0.669,ND,Tillandsia_gardneri,7.6
34,16,Tillandsia gardneri,Tillandsia gardneri,25,Herb,Widespread,Mesic/Xeric,0.669,ND,Tillandsia_gardneri,6.214285714
35,16,Tillandsia gardneri,Tillandsia gardneri,25,Herb,Widespread,Mesic/Xeric,0.669,ND,Tillandsia_gardneri,6.714285714
36,16,Tillandsia gardneri,Tillandsia gardneri,25,Herb,Widespread,Mesic/Xeric,0.669,ND,Tillandsia_gardneri,7
37,16,Tillandsia gardneri,Tillandsia gardneri,25,Herb,Widespread,Mesic/Xeric,0.669,ND,Tillandsia_gardneri,7.5
38,16,Tillandsia gardneri,Tillandsia gardneri,25,Herb,Widespread,Mesic/Xeric,0.669,ND,Tillandsia_gardneri,7
39,16,Tillandsia gardneri,Tillandsia gardneri,30,Herb,Widespread,Mesic/Xeric,0.669,ND,Tillandsia_gardneri,5.5
40,16,Tillandsia gardneri,Tillandsia gardneri,30,Herb,Widespread,Mesic/Xeric,0.669,ND,Tillandsia_gardneri,5.7
41,16,Tillandsia gardneri,Tillandsia gardneri,30,Herb,Widespread,Mesic/Xeric,0.669,ND,Tillandsia_gardneri,5.5
42,16,Tillandsia gardneri,Tillandsia gardneri,30,Herb,Widespread,Mesic/Xeric,0.669,ND,Tillandsia_gardneri,5.3
43,16,Tillandsia gardneri,Tillandsia gardneri,30,Herb,Widespread,Mesic/Xeric,0.669,ND,Tillandsia_gardneri,6.125
44,16,Tillandsia gardneri,Tillandsia gardneri,30,Herb,Widespread,Mesic/Xeric,0.669,ND,Tillandsia_gardneri,6.333333333
45,16,Vriesea bituminosa,Vriesea bituminosa,25,Herb,Widespread,Mesic/Xeric,0.98,ND,Vriesea_bituminosa,6.625
46,16,Vriesea bituminosa,Vriesea bituminosa,25,Herb,Widespread,Mesic/Xeric,0.98,ND,Vriesea_bituminosa,6.722222222
47,16,Vriesea bituminosa,Vriesea bituminosa,25,Herb,Widespread,Mesic/Xeric,0.98,ND,Vriesea_bituminosa,7
48,16,Vriesea bituminosa,Vriesea bituminosa,25,Herb,Widespread,Mesic/Xeric,0.98,ND,Vriesea_bituminosa,6.625
49,16,Vriesea bituminosa,Vriesea bituminosa,25,Herb,Widespread,Mesic/Xeric,0.98,ND,Vriesea_bituminosa,6.75
50,16,Vriesea bituminosa,Vriesea bituminosa,25,Herb,Widespread,Mesic/Xeric,0.98,ND,Vriesea_bituminosa,6.75
51,16,Vriesea bituminosa,Vriesea bituminosa,30,Herb,Widespread,Mesic/Xeric,0.98,ND,Vriesea_bituminosa,6.916666667
52,16,Vriesea bituminosa,Vriesea bituminosa,30,Herb,Widespread,Mesic/Xeric,0.98,ND,Vriesea_bituminosa,7.25
53,16,Vriesea bituminosa,Vriesea bituminosa,30,Herb,Widespread,Mesic/Xeric,0.98,ND,Vriesea_bituminosa,8
54,16,Vriesea bituminosa,Vriesea bituminosa,30,Herb,Widespread,Mesic/Xeric,0.98,ND,Vriesea_bituminosa,6.875
55,16,Vriesea bituminosa,Vriesea bituminosa,30,Herb,Widespread,Mesic/Xeric,0.98,ND,Vriesea_bituminosa,6.375
56,16,Vriesea bituminosa,Vriesea bituminosa,30,Herb,Widespread,Mesic/Xeric,0.98,ND,Vriesea_bituminosa,9.5
57,16,Vriesea friburgensis,Vriesea friburgensis,25,Herb,Widespread,Mesic,0.98,ND,Vriesea_friburgensis,7.6
58,16,Vriesea friburgensis,Vriesea friburgensis,25,Herb,Widespread,Mesic,0.98,ND,Vriesea_friburgensis,6.214285714
59,16,Vriesea friburgensis,Vriesea friburgensis,25,Herb,Widespread,Mesic,0.98,ND,Vriesea_friburgensis,6.714285714
60,16,Vriesea friburgensis,Vriesea friburgensis,25,Herb,Widespread,Mesic,0.98,ND,Vriesea_friburgensis,7
61,16,Vriesea friburgensis,Vriesea friburgensis,25,Herb,Widespread,Mesic,0.98,ND,Vriesea_friburgensis,7.5
62,16,Vriesea friburgensis,Vriesea friburgensis,25,Herb,Widespread,Mesic,0.98,ND,Vriesea_friburgensis,7
63,16,Vriesea friburgensis,Vriesea friburgensis,30,Herb,Widespread,Mesic,0.98,ND,Vriesea_friburgensis,5.5
64,16,Vriesea friburgensis,Vriesea friburgensis,30,Herb,Widespread,Mesic,0.98,ND,Vriesea_friburgensis,5.7
65,16,Vriesea friburgensis,Vriesea friburgensis,30,Herb,Widespread,Mesic,0.98,ND,Vriesea_friburgensis,5.5
66,16,Vriesea friburgensis,Vriesea friburgensis,30,Herb,Widespread,Mesic,0.98,ND,Vriesea_friburgensis,5.3
67,16,Vriesea friburgensis,Vriesea friburgensis,30,Herb,Widespread,Mesic,0.98,ND,Vriesea_friburgensis,6.125
68,16,Vriesea friburgensis,Vriesea friburgensis,30,Herb,Widespread,Mesic,0.98,ND,Vriesea_friburgensis,6.333333333
69,25,Baccharis retusa,Baccharis retusa,25,Shrub,Widespread,Xeric,0.44,ND,Baccharis_retusa,22
70,25,Baccharis retusa,Baccharis retusa,25,Shrub,Widespread,Xeric,0.44,ND,Baccharis_retusa,25
71,25,Baccharis retusa,Baccharis retusa,25,Shrub,Widespread,Xeric,0.44,ND,Baccharis_retusa,27.125
72,25,Baccharis retusa,Baccharis retusa,25,Shrub,Widespread,Xeric,0.44,ND,Baccharis_retusa,25.83333333
73,25,Baccharis retusa,Baccharis retusa,30,Shrub,Widespread,Xeric,0.44,ND,Baccharis_retusa,23.66666667
74,25,Baccharis retusa,Baccharis retusa,30,Shrub,Widespread,Xeric,0.44,ND,Baccharis_retusa,26.5
75,25,Baccharis retusa,Baccharis retusa,30,Shrub,Widespread,Xeric,0.44,ND,Baccharis_retusa,NA
76,25,Baccharis retusa,Baccharis retusa,30,Shrub,Widespread,Xeric,0.44,ND,Baccharis_retusa,24.5
77,41,Aechmea nudicaulis,Aechmea nudicaulis,25,Herb,Widespread,Mesic/Xeric,0.37,ND,Aechmea_nudicaulis,6.714285714
78,41,Aechmea nudicaulis,Aechmea nudicaulis,25,Herb,Widespread,Mesic/Xeric,0.37,ND,Aechmea_nudicaulis,5.5
79,41,Aechmea nudicaulis,Aechmea nudicaulis,25,Herb,Widespread,Mesic/Xeric,0.37,ND,Aechmea_nudicaulis,5.8
80,41,Aechmea nudicaulis,Aechmea nudicaulis,25,Herb,Widespread,Mesic/Xeric,0.37,ND,Aechmea_nudicaulis,6.090909091
81,41,Aechmea nudicaulis,Aechmea nudicaulis,25,Herb,Widespread,Mesic/Xeric,0.37,ND,Aechmea_nudicaulis,6.6875
82,41,Aechmea nudicaulis,Aechmea nudicaulis,25,Herb,Widespread,Mesic/Xeric,0.37,ND,Aechmea_nudicaulis,5.611111111
83,41,Aechmea nudicaulis,Aechmea nudicaulis,25,Herb,Widespread,Mesic/Xeric,0.37,ND,Aechmea_nudicaulis,5.607142857
84,41,Aechmea nudicaulis,Aechmea nudicaulis,25,Herb,Widespread,Mesic/Xeric,0.37,ND,Aechmea_nudicaulis,6.1
85,41,Aechmea nudicaulis,Aechmea nudicaulis,30,Herb,Widespread,Mesic/Xeric,0.37,ND,Aechmea_nudicaulis,5.166666667
86,41,Aechmea nudicaulis,Aechmea nudicaulis,30,Herb,Widespread,Mesic/Xeric,0.37,ND,Aechmea_nudicaulis,5.541666667
87,41,Aechmea nudicaulis,Aechmea nudicaulis,30,Herb,Widespread,Mesic/Xeric,0.37,ND,Aechmea_nudicaulis,5.227272727
88,41,Aechmea nudicaulis,Aechmea nudicaulis,30,Herb,Widespread,Mesic/Xeric,0.37,ND,Aechmea_nudicaulis,5.1875
89,41,Aechmea nudicaulis,Aechmea nudicaulis,30,Herb,Widespread,Mesic/Xeric,0.37,ND,Aechmea_nudicaulis,5.5
90,41,Aechmea nudicaulis,Aechmea nudicaulis,30,Herb,Widespread,Mesic/Xeric,0.37,ND,Aechmea_nudicaulis,5.384615385
91,41,Aechmea nudicaulis,Aechmea nudicaulis,30,Herb,Widespread,Mesic/Xeric,0.37,ND,Aechmea_nudicaulis,6.25
92,41,Aechmea nudicaulis,Aechmea nudicaulis,30,Herb,Widespread,Mesic/Xeric,0.37,ND,Aechmea_nudicaulis,4.888888889
93,41,Cryptanthus schwackeanus,Hoplocryptanthus schwackeanus,25,Herb,Restricted,Xeric,NA,ND,Cryptanthus_schwackeanus,8.875
94,41,Cryptanthus schwackeanus,Hoplocryptanthus schwackeanus,25,Herb,Restricted,Xeric,NA,ND,Cryptanthus_schwackeanus,NA
95,41,Cryptanthus schwackeanus,Hoplocryptanthus schwackeanus,25,Herb,Restricted,Xeric,NA,ND,Cryptanthus_schwackeanus,9.428571429
96,41,Cryptanthus schwackeanus,Hoplocryptanthus schwackeanus,25,Herb,Restricted,Xeric,NA,ND,Cryptanthus_schwackeanus,9.1
97,41,Cryptanthus schwackeanus,Hoplocryptanthus schwackeanus,30,Herb,Restricted,Xeric,NA,ND,Cryptanthus_schwackeanus,6.791666667
98,41,Cryptanthus schwackeanus,Hoplocryptanthus schwackeanus,30,Herb,Restricted,Xeric,NA,ND,Cryptanthus_schwackeanus,8.583333333
99,41,Cryptanthus schwackeanus,Hoplocryptanthus schwackeanus,30,Herb,Restricted,Xeric,NA,ND,Cryptanthus_schwackeanus,10.16666667
100,41,Cryptanthus schwackeanus,Hoplocryptanthus schwackeanus,30,Herb,Restricted,Xeric,NA,ND,Cryptanthus_schwackeanus,7.5
101,41,Neoregelia bahiana,Neoregelia bahiana,25,Herb,Restricted,Xeric,NA,ND,Neoregelia_bahiana,7
102,41,Neoregelia bahiana,Neoregelia bahiana,25,Herb,Restricted,Xeric,NA,ND,Neoregelia_bahiana,6.125
103,41,Neoregelia bahiana,Neoregelia bahiana,25,Herb,Restricted,Xeric,NA,ND,Neoregelia_bahiana,6.833333333
104,41,Neoregelia bahiana,Neoregelia bahiana,25,Herb,Restricted,Xeric,NA,ND,Neoregelia_bahiana,6.375
105,41,Neoregelia bahiana,Neoregelia bahiana,25,Herb,Restricted,Xeric,NA,ND,Neoregelia_bahiana,7.083333333
106,41,Neoregelia bahiana,Neoregelia bahiana,25,Herb,Restricted,Xeric,NA,ND,Neoregelia_bahiana,7.5
107,41,Neoregelia bahiana,Neoregelia bahiana,25,Herb,Restricted,Xeric,NA,ND,Neoregelia_bahiana,7.333333333
108,41,Neoregelia bahiana,Neoregelia bahiana,25,Herb,Restricted,Xeric,NA,ND,Neoregelia_bahiana,6.25
109,41,Neoregelia bahiana,Neoregelia bahiana,30,Herb,Restricted,Xeric,NA,ND,Neoregelia_bahiana,7.5
110,41,Neoregelia bahiana,Neoregelia bahiana,30,Herb,Restricted,Xeric,NA,ND,Neoregelia_bahiana,7.75
111,41,Neoregelia bahiana,Neoregelia bahiana,30,Herb,Restricted,Xeric,NA,ND,Neoregelia_bahiana,7.3
112,41,Neoregelia bahiana,Neoregelia bahiana,30,Herb,Restricted,Xeric,NA,ND,Neoregelia_bahiana,7.166666667
113,41,Neoregelia bahiana,Neoregelia bahiana,30,Herb,Restricted,Xeric,NA,ND,Neoregelia_bahiana,7.875
114,41,Neoregelia bahiana,Neoregelia bahiana,30,Herb,Restricted,Xeric,NA,ND,Neoregelia_bahiana,7.5
115,41,Neoregelia bahiana,Neoregelia bahiana,30,Herb,Restricted,Xeric,NA,ND,Neoregelia_bahiana,6.75
116,41,Neoregelia bahiana,Neoregelia bahiana,30,Herb,Restricted,Xeric,NA,ND,Neoregelia_bahiana,6.6875
117,41,Tillandsia stricta,Tillandsia stricta,25,Herb,Widespread,Mesic/Xeric,0.669,ND,Tillandsia_stricta,3.409090909
118,41,Tillandsia stricta,Tillandsia stricta,25,Herb,Widespread,Mesic/Xeric,0.669,ND,Tillandsia_stricta,3.166666667
119,41,Tillandsia stricta,Tillandsia stricta,25,Herb,Widespread,Mesic/Xeric,0.669,ND,Tillandsia_stricta,3.9375
120,41,Tillandsia stricta,Tillandsia stricta,25,Herb,Widespread,Mesic/Xeric,0.669,ND,Tillandsia_stricta,4.055555556
121,41,Tillandsia stricta,Tillandsia stricta,30,Herb,Widespread,Mesic/Xeric,0.669,ND,Tillandsia_stricta,2.735294118
122,41,Tillandsia stricta,Tillandsia stricta,30,Herb,Widespread,Mesic/Xeric,0.669,ND,Tillandsia_stricta,2.735294118
123,41,Tillandsia stricta,Tillandsia stricta,30,Herb,Widespread,Mesic/Xeric,0.669,ND,Tillandsia_stricta,2.892857143
124,41,Tillandsia stricta,Tillandsia stricta,30,Herb,Widespread,Mesic/Xeric,0.669,ND,Tillandsia_stricta,2.694444444
125,41,Vriesea bituminosa,Vriesea bituminosa,25,Herb,Widespread,Mesic/Xeric,0.98,ND,Vriesea_bituminosa,5.590909091
126,41,Vriesea bituminosa,Vriesea bituminosa,25,Herb,Widespread,Mesic/Xeric,0.98,ND,Vriesea_bituminosa,6.375
127,41,Vriesea bituminosa,Vriesea bituminosa,25,Herb,Widespread,Mesic/Xeric,0.98,ND,Vriesea_bituminosa,5.4
128,41,Vriesea bituminosa,Vriesea bituminosa,25,Herb,Widespread,Mesic/Xeric,0.98,ND,Vriesea_bituminosa,6.071428571
129,41,Vriesea bituminosa,Vriesea bituminosa,30,Herb,Widespread,Mesic/Xeric,0.98,ND,Vriesea_bituminosa,5.55
130,41,Vriesea bituminosa,Vriesea bituminosa,30,Herb,Widespread,Mesic/Xeric,0.98,ND,Vriesea_bituminosa,6
131,41,Vriesea bituminosa,Vriesea bituminosa,30,Herb,Widespread,Mesic/Xeric,0.98,ND,Vriesea_bituminosa,5.382352941
132,41,Vriesea bituminosa,Vriesea bituminosa,30,Herb,Widespread,Mesic/Xeric,0.98,ND,Vriesea_bituminosa,5.111111111
133,41,Vriesea crassa,Vriesea crassa,25,Herb,Restricted,Xeric,0.98,ND,Vriesea_crassa,4.611111111
134,41,Vriesea crassa,Vriesea crassa,25,Herb,Restricted,Xeric,0.98,ND,Vriesea_crassa,4.958333333
135,41,Vriesea crassa,Vriesea crassa,25,Herb,Restricted,Xeric,0.98,ND,Vriesea_crassa,4.4375
136,41,Vriesea crassa,Vriesea crassa,25,Herb,Restricted,Xeric,0.98,ND,Vriesea_crassa,4.392857143
137,41,Vriesea crassa,Vriesea crassa,30,Herb,Restricted,Xeric,0.98,ND,Vriesea_crassa,4.25
138,41,Vriesea crassa,Vriesea crassa,30,Herb,Restricted,Xeric,0.98,ND,Vriesea_crassa,4
139,41,Vriesea crassa,Vriesea crassa,30,Herb,Restricted,Xeric,0.98,ND,Vriesea_crassa,4.045454545
140,41,Vriesea crassa,Vriesea crassa,30,Herb,Restricted,Xeric,0.98,ND,Vriesea_crassa,4.166666667
141,41,Vriesea friburgensis,Vriesea friburgensis,25,Herb,Widespread,Mesic,0.98,ND,Vriesea_friburgensis,1.857142857
142,41,Vriesea friburgensis,Vriesea friburgensis,25,Herb,Widespread,Mesic,0.98,ND,Vriesea_friburgensis,1.694444444
143,41,Vriesea friburgensis,Vriesea friburgensis,25,Herb,Widespread,Mesic,0.98,ND,Vriesea_friburgensis,2.25
144,41,Vriesea friburgensis,Vriesea friburgensis,25,Herb,Widespread,Mesic,0.98,ND,Vriesea_friburgensis,1.625
145,41,Vriesea friburgensis,Vriesea friburgensis,30,Herb,Widespread,Mesic,0.98,ND,Vriesea_friburgensis,1.705882353
146,41,Vriesea friburgensis,Vriesea friburgensis,30,Herb,Widespread,Mesic,0.98,ND,Vriesea_friburgensis,1.625
147,41,Vriesea friburgensis,Vriesea friburgensis,30,Herb,Widespread,Mesic,0.98,ND,Vriesea_friburgensis,2
148,41,Vriesea friburgensis,Vriesea friburgensis,30,Herb,Widespread,Mesic,0.98,ND,Vriesea_friburgensis,2.1
149,41,Vriesea minarum,Vriesea minarum,25,Herb,Widespread,Xeric,0.98,ND,Vriesea_minarum,5.5
150,41,Vriesea minarum,Vriesea minarum,25,Herb,Widespread,Xeric,0.98,ND,Vriesea_minarum,5.5
151,41,Vriesea minarum,Vriesea minarum,25,Herb,Widespread,Xeric,0.98,ND,Vriesea_minarum,5.416666667
152,41,Vriesea minarum,Vriesea minarum,25,Herb,Widespread,Xeric,0.98,ND,Vriesea_minarum,4.5
153,41,Vriesea minarum,Vriesea minarum,30,Herb,Widespread,Xeric,0.98,ND,Vriesea_minarum,5.2
154,41,Vriesea minarum,Vriesea minarum,30,Herb,Widespread,Xeric,0.98,ND,Vriesea_minarum,4.875
155,41,Vriesea minarum,Vriesea minarum,30,Herb,Widespread,Xeric,0.98,ND,Vriesea_minarum,6
156,41,Vriesea minarum,Vriesea minarum,30,Herb,Widespread,Xeric,0.98,ND,Vriesea_minarum,6.75
157,61,Alcantarea imperialis,Alcantarea imperialis,25,Herb,Restricted,Xeric,1.656,ND,Alcantarea_imperialis,13.125
158,61,Alcantarea imperialis,Alcantarea imperialis,25,Herb,Restricted,Xeric,1.656,ND,Alcantarea_imperialis,12.66666667
159,61,Alcantarea imperialis,Alcantarea imperialis,25,Herb,Restricted,Xeric,1.656,ND,Alcantarea_imperialis,12.5
160,61,Alcantarea imperialis,Alcantarea imperialis,25,Herb,Restricted,Xeric,1.656,ND,Alcantarea_imperialis,13.5
161,61,Alcantarea imperialis,Alcantarea imperialis,30,Herb,Restricted,Xeric,1.656,ND,Alcantarea_imperialis,11.16666667
162,61,Alcantarea imperialis,Alcantarea imperialis,30,Herb,Restricted,Xeric,1.656,ND,Alcantarea_imperialis,10.8
163,61,Alcantarea imperialis,Alcantarea imperialis,30,Herb,Restricted,Xeric,1.656,ND,Alcantarea_imperialis,11.5
164,61,Alcantarea imperialis,Alcantarea imperialis,30,Herb,Restricted,Xeric,1.656,ND,Alcantarea_imperialis,11.25
165,78,Mimosa foliolosa subsp. pachycarpa,Mimosa foliolosa subsp. pachycarpa,25,Shrub,Widespread,Xeric,7.76,D,Mimosa_foliolosa,3.307692308
166,78,Mimosa foliolosa subsp. pachycarpa,Mimosa foliolosa subsp. pachycarpa,25,Shrub,Widespread,Xeric,7.76,D,Mimosa_foliolosa,3.227272727
167,78,Mimosa foliolosa subsp. pachycarpa,Mimosa foliolosa subsp. pachycarpa,25,Shrub,Widespread,Xeric,7.76,D,Mimosa_foliolosa,3.4
168,78,Mimosa foliolosa subsp. pachycarpa,Mimosa foliolosa subsp. pachycarpa,25,Shrub,Widespread,Xeric,7.76,D,Mimosa_foliolosa,3.461538462
169,78,Mimosa foliolosa subsp. pachycarpa,Mimosa foliolosa subsp. pachycarpa,30,Shrub,Widespread,Xeric,7.76,D,Mimosa_foliolosa,3.6875
170,78,Mimosa foliolosa subsp. pachycarpa,Mimosa foliolosa subsp. pachycarpa,30,Shrub,Widespread,Xeric,7.76,D,Mimosa_foliolosa,3.214285714
171,78,Mimosa foliolosa subsp. pachycarpa,Mimosa foliolosa subsp. pachycarpa,30,Shrub,Widespread,Xeric,7.76,D,Mimosa_foliolosa,3.5
172,78,Mimosa foliolosa subsp. pachycarpa,Mimosa foliolosa subsp. pachycarpa,30,Shrub,Widespread,Xeric,7.76,D,Mimosa_foliolosa,3.428571429
173,80,Acisanthera alsinaefolia,Acisanthera alsinaefolia,25,Shrub,Widespread,Mesic,0.000925,ND,Acisanthera_alsinefolia,6.708333333
174,80,Acisanthera alsinaefolia,Acisanthera alsinaefolia,25,Shrub,Widespread,Mesic,0.000925,ND,Acisanthera_alsinefolia,6.875
175,80,Acisanthera alsinaefolia,Acisanthera alsinaefolia,25,Shrub,Widespread,Mesic,0.000925,ND,Acisanthera_alsinefolia,7.384615385
176,80,Acisanthera alsinaefolia,Acisanthera alsinaefolia,25,Shrub,Widespread,Mesic,0.000925,ND,Acisanthera_alsinefolia,7.3125
177,80,Acisanthera alsinaefolia,Acisanthera alsinaefolia,30,Shrub,Widespread,Mesic,0.000925,ND,Acisanthera_alsinefolia,21.4
178,80,Acisanthera alsinaefolia,Acisanthera alsinaefolia,30,Shrub,Widespread,Mesic,0.000925,ND,Acisanthera_alsinefolia,21.5
179,80,Acisanthera alsinaefolia,Acisanthera alsinaefolia,30,Shrub,Widespread,Mesic,0.000925,ND,Acisanthera_alsinefolia,23.5
180,80,Acisanthera alsinaefolia,Acisanthera alsinaefolia,30,Shrub,Widespread,Mesic,0.000925,ND,Acisanthera_alsinefolia,21.33333333
181,80,Cambessedesia hilariana,Cambessedesia hilariana,25,Shrub,Widespread,Xeric,0.01,ND,Cambessedesia_hilariana,20.26190476
182,80,Cambessedesia hilariana,Cambessedesia hilariana,25,Shrub,Widespread,Xeric,0.01,ND,Cambessedesia_hilariana,9.9375
183,80,Cambessedesia hilariana,Cambessedesia hilariana,25,Shrub,Widespread,Xeric,0.01,ND,Cambessedesia_hilariana,9.772727273
184,80,Cambessedesia hilariana,Cambessedesia hilariana,25,Shrub,Widespread,Xeric,0.01,ND,Cambessedesia_hilariana,17
185,80,Cambessedesia hilariana,Cambessedesia hilariana,30,Shrub,Widespread,Xeric,0.01,ND,Cambessedesia_hilariana,16.5
186,80,Cambessedesia hilariana,Cambessedesia hilariana,30,Shrub,Widespread,Xeric,0.01,ND,Cambessedesia_hilariana,20.35
187,80,Cambessedesia hilariana,Cambessedesia hilariana,30,Shrub,Widespread,Xeric,0.01,ND,Cambessedesia_hilariana,25.83333333
188,80,Cambessedesia hilariana,Cambessedesia hilariana,30,Shrub,Widespread,Xeric,0.01,ND,Cambessedesia_hilariana,NA
189,80,Comolia sessilis,Fritzschia sessilis,25,Shrub,Widespread,Xeric,0.01,ND,Comolia_sessilis,20.66666667
190,80,Comolia sessilis,Fritzschia sessilis,25,Shrub,Widespread,Xeric,0.01,ND,Comolia_sessilis,23.16666667
191,80,Comolia sessilis,Fritzschia sessilis,25,Shrub,Widespread,Xeric,0.01,ND,Comolia_sessilis,23.5
192,80,Comolia sessilis,Fritzschia sessilis,25,Shrub,Widespread,Xeric,0.01,ND,Comolia_sessilis,10.625
193,80,Comolia sessilis,Fritzschia sessilis,30,Shrub,Widespread,Xeric,0.01,ND,Comolia_sessilis,24.33333333
194,80,Comolia sessilis,Fritzschia sessilis,30,Shrub,Widespread,Xeric,0.01,ND,Comolia_sessilis,24.5
195,80,Comolia sessilis,Fritzschia sessilis,30,Shrub,Widespread,Xeric,0.01,ND,Comolia_sessilis,21
196,80,Comolia sessilis,Fritzschia sessilis,30,Shrub,Widespread,Xeric,0.01,ND,Comolia_sessilis,21.5
197,80,Lavoisiera pulcherrima,Lavoisiera pulcherrima,25,Shrub,Restricted,Mesic,0.004,ND,Lavoisiera_pulcherrima,5
198,80,Lavoisiera pulcherrima,Lavoisiera pulcherrima,25,Shrub,Restricted,Mesic,0.004,ND,Lavoisiera_pulcherrima,5.5
199,80,Lavoisiera pulcherrima,Lavoisiera pulcherrima,25,Shrub,Restricted,Mesic,0.004,ND,Lavoisiera_pulcherrima,5.3125
200,80,Lavoisiera pulcherrima,Lavoisiera pulcherrima,25,Shrub,Restricted,Mesic,0.004,ND,Lavoisiera_pulcherrima,6.5
201,80,Lavoisiera pulcherrima,Lavoisiera pulcherrima,30,Shrub,Restricted,Mesic,0.004,ND,Lavoisiera_pulcherrima,10.5
202,80,Lavoisiera pulcherrima,Lavoisiera pulcherrima,30,Shrub,Restricted,Mesic,0.004,ND,Lavoisiera_pulcherrima,NA
203,80,Lavoisiera pulcherrima,Lavoisiera pulcherrima,30,Shrub,Restricted,Mesic,0.004,ND,Lavoisiera_pulcherrima,10
204,80,Lavoisiera pulcherrima,Lavoisiera pulcherrima,30,Shrub,Restricted,Mesic,0.004,ND,Lavoisiera_pulcherrima,10
205,80,Lavoisiera subulata,Lavoisiera subulata,25,Shrub,Widespread,Mesic,0.00275,ND,Lavoisiera_subulata,14.625
206,80,Lavoisiera subulata,Lavoisiera subulata,25,Shrub,Widespread,Mesic,0.00275,ND,Lavoisiera_subulata,NA
207,80,Lavoisiera subulata,Lavoisiera subulata,25,Shrub,Widespread,Mesic,0.00275,ND,Lavoisiera_subulata,14.41666667
208,80,Lavoisiera subulata,Lavoisiera subulata,25,Shrub,Widespread,Mesic,0.00275,ND,Lavoisiera_subulata,14.83333333
209,80,Lavoisiera subulata,Lavoisiera subulata,30,Shrub,Widespread,Mesic,0.00275,ND,Lavoisiera_subulata,15
210,80,Lavoisiera subulata,Lavoisiera subulata,30,Shrub,Widespread,Mesic,0.00275,ND,Lavoisiera_subulata,15.33333333
211,80,Lavoisiera subulata,Lavoisiera subulata,30,Shrub,Widespread,Mesic,0.00275,ND,Lavoisiera_subulata,14.75
212,80,Lavoisiera subulata,Lavoisiera subulata,30,Shrub,Widespread,Mesic,0.00275,ND,Lavoisiera_subulata,14.75
213,80,Leandra aurea,Leandra aurea,25,Shrub,Widespread,Mesic,0.25,ND,Leandra_aurea,13.375
214,80,Leandra aurea,Leandra aurea,25,Shrub,Widespread,Mesic,0.25,ND,Leandra_aurea,15.66666667
215,80,Leandra aurea,Leandra aurea,25,Shrub,Widespread,Mesic,0.25,ND,Leandra_aurea,13.75
216,80,Leandra aurea,Leandra aurea,25,Shrub,Widespread,Mesic,0.25,ND,Leandra_aurea,13
217,80,Leandra aurea,Leandra aurea,30,Shrub,Widespread,Mesic,0.25,ND,Leandra_aurea,23.75
218,80,Leandra aurea,Leandra aurea,30,Shrub,Widespread,Mesic,0.25,ND,Leandra_aurea,NA
219,80,Leandra aurea,Leandra aurea,30,Shrub,Widespread,Mesic,0.25,ND,Leandra_aurea,24.5
220,80,Leandra aurea,Leandra aurea,30,Shrub,Widespread,Mesic,0.25,ND,Leandra_aurea,16.5
221,80,Miconia albicans,Miconia albicans,25,Shrub,Widespread,Xeric,0.007425,ND,Miconia_albicans,10
222,80,Miconia albicans,Miconia albicans,25,Shrub,Widespread,Xeric,0.007425,ND,Miconia_albicans,11.25
223,80,Miconia albicans,Miconia albicans,25,Shrub,Widespread,Xeric,0.007425,ND,Miconia_albicans,10.125
224,80,Miconia albicans,Miconia albicans,25,Shrub,Widespread,Xeric,0.007425,ND,Miconia_albicans,10.6
225,80,Miconia albicans,Miconia albicans,30,Shrub,Widespread,Xeric,0.007425,ND,Miconia_albicans,9.571428571
226,80,Miconia albicans,Miconia albicans,30,Shrub,Widespread,Xeric,0.007425,ND,Miconia_albicans,10.3
227,80,Miconia albicans,Miconia albicans,30,Shrub,Widespread,Xeric,0.007425,ND,Miconia_albicans,9.9
228,80,Miconia albicans,Miconia albicans,30,Shrub,Widespread,Xeric,0.007425,ND,Miconia_albicans,9.75
229,80,Miconia alborufescens,Miconia alborufescens,25,Shrub,Widespread,Xeric,0.01245,ND,Miconia_alborufescens,7.375
230,80,Miconia alborufescens,Miconia alborufescens,25,Shrub,Widespread,Xeric,0.01245,ND,Miconia_alborufescens,8.75
231,80,Miconia alborufescens,Miconia alborufescens,25,Shrub,Widespread,Xeric,0.01245,ND,Miconia_alborufescens,9
232,80,Miconia alborufescens,Miconia alborufescens,25,Shrub,Widespread,Xeric,0.01245,ND,Miconia_alborufescens,7.375
233,80,Miconia alborufescens,Miconia alborufescens,30,Shrub,Widespread,Xeric,0.01245,ND,Miconia_alborufescens,17.75
234,80,Miconia alborufescens,Miconia alborufescens,30,Shrub,Widespread,Xeric,0.01245,ND,Miconia_alborufescens,8.75
235,80,Miconia alborufescens,Miconia alborufescens,30,Shrub,Widespread,Xeric,0.01245,ND,Miconia_alborufescens,10.5
236,80,Miconia alborufescens,Miconia alborufescens,30,Shrub,Widespread,Xeric,0.01245,ND,Miconia_alborufescens,NA
237,80,Miconia chamissois,Miconia chamissois,25,Shrub,Widespread,Mesic,0.047,ND,Miconia_chamissois,9.727272727
238,80,Miconia chamissois,Miconia chamissois,25,Shrub,Widespread,Mesic,0.047,ND,Miconia_chamissois,9.3
239,80,Miconia chamissois,Miconia chamissois,25,Shrub,Widespread,Mesic,0.047,ND,Miconia_chamissois,9.272727273
240,80,Miconia chamissois,Miconia chamissois,25,Shrub,Widespread,Mesic,0.047,ND,Miconia_chamissois,9.8
241,80,Miconia chamissois,Miconia chamissois,30,Shrub,Widespread,Mesic,0.047,ND,Miconia_chamissois,15.33333333
242,80,Miconia chamissois,Miconia chamissois,30,Shrub,Widespread,Mesic,0.047,ND,Miconia_chamissois,18.5
243,80,Miconia chamissois,Miconia chamissois,30,Shrub,Widespread,Mesic,0.047,ND,Miconia_chamissois,17.8
244,80,Miconia chamissois,Miconia chamissois,30,Shrub,Widespread,Mesic,0.047,ND,Miconia_chamissois,15.5
245,80,Miconia cipoensis,Miconia cipoensis,25,Shrub,Restricted,Xeric,0.027725,ND,Miconia_cipoensis,18.375
246,80,Miconia cipoensis,Miconia cipoensis,25,Shrub,Restricted,Xeric,0.027725,ND,Miconia_cipoensis,18.125
247,80,Miconia cipoensis,Miconia cipoensis,25,Shrub,Restricted,Xeric,0.027725,ND,Miconia_cipoensis,22.33333333
248,80,Miconia cipoensis,Miconia cipoensis,25,Shrub,Restricted,Xeric,0.027725,ND,Miconia_cipoensis,19.5
249,80,Miconia cipoensis,Miconia cipoensis,30,Shrub,Restricted,Xeric,0.027725,ND,Miconia_cipoensis,21.5
250,80,Miconia cipoensis,Miconia cipoensis,30,Shrub,Restricted,Xeric,0.027725,ND,Miconia_cipoensis,NA
251,80,Miconia cipoensis,Miconia cipoensis,30,Shrub,Restricted,Xeric,0.027725,ND,Miconia_cipoensis,21.58333333
252,80,Miconia cipoensis,Miconia cipoensis,30,Shrub,Restricted,Xeric,0.027725,ND,Miconia_cipoensis,21.66666667
253,80,Miconia ibaguensis,Miconia ibaguensis,25,Shrub,Widespread,Mesic,0.0012,ND,Miconia_ibaguensis,21
254,80,Miconia ibaguensis,Miconia ibaguensis,25,Shrub,Widespread,Mesic,0.0012,ND,Miconia_ibaguensis,18.875
255,80,Miconia ibaguensis,Miconia ibaguensis,25,Shrub,Widespread,Mesic,0.0012,ND,Miconia_ibaguensis,22.75
256,80,Miconia ibaguensis,Miconia ibaguensis,25,Shrub,Widespread,Mesic,0.0012,ND,Miconia_ibaguensis,17.5
257,80,Miconia ibaguensis,Miconia ibaguensis,30,Shrub,Widespread,Mesic,0.0012,ND,Miconia_ibaguensis,17
258,80,Miconia ibaguensis,Miconia ibaguensis,30,Shrub,Widespread,Mesic,0.0012,ND,Miconia_ibaguensis,16.5
259,80,Miconia ibaguensis,Miconia ibaguensis,30,Shrub,Widespread,Mesic,0.0012,ND,Miconia_ibaguensis,20.5
260,80,Miconia ibaguensis,Miconia ibaguensis,30,Shrub,Widespread,Mesic,0.0012,ND,Miconia_ibaguensis,24
261,80,Miconia stenostachya,Miconia stenostachya,25,Shrub,Widespread,Xeric,0.0041,ND,Miconia_stenostachya,12.5
262,80,Miconia stenostachya,Miconia stenostachya,25,Shrub,Widespread,Xeric,0.0041,ND,Miconia_stenostachya,NA
263,80,Miconia stenostachya,Miconia stenostachya,25,Shrub,Widespread,Xeric,0.0041,ND,Miconia_stenostachya,13.83333333
264,80,Miconia stenostachya,Miconia stenostachya,25,Shrub,Widespread,Xeric,0.0041,ND,Miconia_stenostachya,17.5
265,80,Miconia stenostachya,Miconia stenostachya,30,Shrub,Widespread,Xeric,0.0041,ND,Miconia_stenostachya,25.75
266,80,Miconia stenostachya,Miconia stenostachya,30,Shrub,Widespread,Xeric,0.0041,ND,Miconia_stenostachya,22.5
267,80,Miconia stenostachya,Miconia stenostachya,30,Shrub,Widespread,Xeric,0.0041,ND,Miconia_stenostachya,NA
268,80,Miconia stenostachya,Miconia stenostachya,30,Shrub,Widespread,Xeric,0.0041,ND,Miconia_stenostachya,17.5
269,80,Miconia theaezans,Miconia theaezans,25,Shrub,Widespread,Mesic,0.00138,ND,Miconia_theaezans,14.25
270,80,Miconia theaezans,Miconia theaezans,25,Shrub,Widespread,Mesic,0.00138,ND,Miconia_theaezans,13.5
271,80,Miconia theaezans,Miconia theaezans,25,Shrub,Widespread,Mesic,0.00138,ND,Miconia_theaezans,15.71428571
272,80,Miconia theaezans,Miconia theaezans,25,Shrub,Widespread,Mesic,0.00138,ND,Miconia_theaezans,15.75
273,80,Miconia theaezans,Miconia theaezans,30,Shrub,Widespread,Mesic,0.00138,ND,Miconia_theaezans,12.3
274,80,Miconia theaezans,Miconia theaezans,30,Shrub,Widespread,Mesic,0.00138,ND,Miconia_theaezans,12.2
275,80,Miconia theaezans,Miconia theaezans,30,Shrub,Widespread,Mesic,0.00138,ND,Miconia_theaezans,12.4
276,80,Miconia theaezans,Miconia theaezans,30,Shrub,Widespread,Mesic,0.00138,ND,Miconia_theaezans,13
277,80,Rhynchanthera cordata,Rhynchanthera cordata,25,Shrub,Widespread,Mesic,0.00255,ND,Rhynchanthera_cordata,4.666666667
278,80,Rhynchanthera cordata,Rhynchanthera cordata,25,Shrub,Widespread,Mesic,0.00255,ND,Rhynchanthera_cordata,4.791666667
279,80,Rhynchanthera cordata,Rhynchanthera cordata,25,Shrub,Widespread,Mesic,0.00255,ND,Rhynchanthera_cordata,5.75
280,80,Rhynchanthera cordata,Rhynchanthera cordata,25,Shrub,Widespread,Mesic,0.00255,ND,Rhynchanthera_cordata,6.111111111
281,80,Rhynchanthera cordata,Rhynchanthera cordata,30,Shrub,Widespread,Mesic,0.00255,ND,Rhynchanthera_cordata,4.75
282,80,Rhynchanthera cordata,Rhynchanthera cordata,30,Shrub,Widespread,Mesic,0.00255,ND,Rhynchanthera_cordata,4.766666667
283,80,Rhynchanthera cordata,Rhynchanthera cordata,30,Shrub,Widespread,Mesic,0.00255,ND,Rhynchanthera_cordata,25.66666667
284,80,Rhynchanthera cordata,Rhynchanthera cordata,30,Shrub,Widespread,Mesic,0.00255,ND,Rhynchanthera_cordata,7.142857143
285,91,Anemopaegma carajasense,Anemopaegma carajasense,25,Shrub,Restricted,Xeric,36.637,ND,Anemopaegma_paraense,13
286,91,Anemopaegma carajasense,Anemopaegma carajasense,25,Shrub,Restricted,Xeric,36.637,ND,Anemopaegma_paraense,13.5
287,91,Anemopaegma carajasense,Anemopaegma carajasense,25,Shrub,Restricted,Xeric,36.637,ND,Anemopaegma_paraense,13.33333333
288,91,Anemopaegma carajasense,Anemopaegma carajasense,25,Shrub,Restricted,Xeric,36.637,ND,Anemopaegma_paraense,14
289,91,Anemopaegma carajasense,Anemopaegma carajasense,25,Shrub,Restricted,Xeric,36.637,ND,Anemopaegma_paraense,NA
290,91,Anemopaegma carajasense,Anemopaegma carajasense,25,Shrub,Restricted,Xeric,36.637,ND,Anemopaegma_paraense,13.5
291,91,Anemopaegma carajasense,Anemopaegma carajasense,30,Shrub,Restricted,Xeric,36.637,ND,Anemopaegma_paraense,8.5
292,91,Anemopaegma carajasense,Anemopaegma carajasense,30,Shrub,Restricted,Xeric,36.637,ND,Anemopaegma_paraense,12.5
293,91,Anemopaegma carajasense,Anemopaegma carajasense,30,Shrub,Restricted,Xeric,36.637,ND,Anemopaegma_paraense,10.16666667
294,91,Anemopaegma carajasense,Anemopaegma carajasense,30,Shrub,Restricted,Xeric,36.637,ND,Anemopaegma_paraense,8.75
295,91,Anemopaegma carajasense,Anemopaegma carajasense,30,Shrub,Restricted,Xeric,36.637,ND,Anemopaegma_paraense,NA
296,91,Anemopaegma carajasense,Anemopaegma carajasense,30,Shrub,Restricted,Xeric,36.637,ND,Anemopaegma_paraense,11.5
297,91,Dyckia duckei,Dyckia duckei,25,Herb,Restricted,Xeric,0.976,ND,Dyckia_duckei,14.25
298,91,Dyckia duckei,Dyckia duckei,25,Herb,Restricted,Xeric,0.976,ND,Dyckia_duckei,14.33333333
299,91,Dyckia duckei,Dyckia duckei,25,Herb,Restricted,Xeric,0.976,ND,Dyckia_duckei,16
300,91,Dyckia duckei,Dyckia duckei,25,Herb,Restricted,Xeric,0.976,ND,Dyckia_duckei,14.75
301,91,Dyckia duckei,Dyckia duckei,25,Herb,Restricted,Xeric,0.976,ND,Dyckia_duckei,14
302,91,Dyckia duckei,Dyckia duckei,25,Herb,Restricted,Xeric,0.976,ND,Dyckia_duckei,17.16666667
303,91,Dyckia duckei,Dyckia duckei,30,Herb,Restricted,Xeric,0.976,ND,Dyckia_duckei,16
304,91,Dyckia duckei,Dyckia duckei,30,Herb,Restricted,Xeric,0.976,ND,Dyckia_duckei,16.5
305,91,Dyckia duckei,Dyckia duckei,30,Herb,Restricted,Xeric,0.976,ND,Dyckia_duckei,18.5
306,91,Dyckia duckei,Dyckia duckei,30,Herb,Restricted,Xeric,0.976,ND,Dyckia_duckei,16
307,91,Dyckia duckei,Dyckia duckei,30,Herb,Restricted,Xeric,0.976,ND,Dyckia_duckei,18.33333333
308,91,Dyckia duckei,Dyckia duckei,30,Herb,Restricted,Xeric,0.976,ND,Dyckia_duckei,17.25
309,91,Bauhinia pulchella,Bauhinia pulchella,25,Shrub,Widespread,Mesic/Xeric,44.725,ND,Bauhinia_pulchella,8.875
310,91,Bauhinia pulchella,Bauhinia pulchella,25,Shrub,Widespread,Mesic/Xeric,44.725,ND,Bauhinia_pulchella,8.416666667
311,91,Bauhinia pulchella,Bauhinia pulchella,25,Shrub,Widespread,Mesic/Xeric,44.725,ND,Bauhinia_pulchella,11.5
312,91,Bauhinia pulchella,Bauhinia pulchella,25,Shrub,Widespread,Mesic/Xeric,44.725,ND,Bauhinia_pulchella,8.625
313,91,Bauhinia pulchella,Bauhinia pulchella,25,Shrub,Widespread,Mesic/Xeric,44.725,ND,Bauhinia_pulchella,8.4375
314,91,Bauhinia pulchella,Bauhinia pulchella,25,Shrub,Widespread,Mesic/Xeric,44.725,ND,Bauhinia_pulchella,8.590909091
315,91,Bauhinia pulchella,Bauhinia pulchella,30,Shrub,Widespread,Mesic/Xeric,44.725,ND,Bauhinia_pulchella,NA
316,91,Bauhinia pulchella,Bauhinia pulchella,30,Shrub,Widespread,Mesic/Xeric,44.725,ND,Bauhinia_pulchella,11
317,91,Bauhinia pulchella,Bauhinia pulchella,30,Shrub,Widespread,Mesic/Xeric,44.725,ND,Bauhinia_pulchella,NA
318,91,Bauhinia pulchella,Bauhinia pulchella,30,Shrub,Widespread,Mesic/Xeric,44.725,ND,Bauhinia_pulchella,NA
319,91,Bauhinia pulchella,Bauhinia pulchella,30,Shrub,Widespread,Mesic/Xeric,44.725,ND,Bauhinia_pulchella,NA
320,91,Bauhinia pulchella,Bauhinia pulchella,30,Shrub,Widespread,Mesic/Xeric,44.725,ND,Bauhinia_pulchella,NA
321,91,Mimosa acutistipula var. ferrea,Mimosa acutistipula var. ferrea,25,Shrub,Widespread,Xeric,6.1285,ND,Mimosa_acutistipula,19.5
322,91,Mimosa acutistipula var. ferrea,Mimosa acutistipula var. ferrea,25,Shrub,Widespread,Xeric,6.1285,ND,Mimosa_acutistipula,NA
323,91,Mimosa acutistipula var. ferrea,Mimosa acutistipula var. ferrea,25,Shrub,Widespread,Xeric,6.1285,ND,Mimosa_acutistipula,14.5
324,91,Mimosa acutistipula var. ferrea,Mimosa acutistipula var. ferrea,25,Shrub,Widespread,Xeric,6.1285,ND,Mimosa_acutistipula,NA
325,91,Mimosa acutistipula var. ferrea,Mimosa acutistipula var. ferrea,25,Shrub,Widespread,Xeric,6.1285,ND,Mimosa_acutistipula,23.5
326,91,Mimosa acutistipula var. ferrea,Mimosa acutistipula var. ferrea,25,Shrub,Widespread,Xeric,6.1285,ND,Mimosa_acutistipula,20.5
327,91,Mimosa acutistipula var. ferrea,Mimosa acutistipula var. ferrea,30,Shrub,Widespread,Xeric,6.1285,ND,Mimosa_acutistipula,19.5
328,91,Mimosa acutistipula var. ferrea,Mimosa acutistipula var. ferrea,30,Shrub,Widespread,Xeric,6.1285,ND,Mimosa_acutistipula,7.5
329,91,Mimosa acutistipula var. ferrea,Mimosa acutistipula var. ferrea,30,Shrub,Widespread,Xeric,6.1285,ND,Mimosa_acutistipula,NA
330,91,Mimosa acutistipula var. ferrea,Mimosa acutistipula var. ferrea,30,Shrub,Widespread,Xeric,6.1285,ND,Mimosa_acutistipula,NA
331,91,Mimosa acutistipula var. ferrea,Mimosa acutistipula var. ferrea,30,Shrub,Widespread,Xeric,6.1285,ND,Mimosa_acutistipula,24.5
332,91,Mimosa acutistipula var. ferrea,Mimosa acutistipula var. ferrea,30,Shrub,Widespread,Xeric,6.1285,ND,Mimosa_acutistipula,26.5
333,91,Mimosa dasilvae,Mimosa dasilvae,25,Shrub,Restricted,Mesic,13.143,ND,Mimosa_dasilvae,NA
334,91,Mimosa dasilvae,Mimosa dasilvae,25,Shrub,Restricted,Mesic,13.143,ND,Mimosa_dasilvae,NA
335,91,Mimosa dasilvae,Mimosa dasilvae,25,Shrub,Restricted,Mesic,13.143,ND,Mimosa_dasilvae,7.5
336,91,Mimosa dasilvae,Mimosa dasilvae,25,Shrub,Restricted,Mesic,13.143,ND,Mimosa_dasilvae,9.166666667
337,91,Mimosa dasilvae,Mimosa dasilvae,25,Shrub,Restricted,Mesic,13.143,ND,Mimosa_dasilvae,10
338,91,Mimosa dasilvae,Mimosa dasilvae,25,Shrub,Restricted,Mesic,13.143,ND,Mimosa_dasilvae,9.5
339,91,Mimosa dasilvae,Mimosa dasilvae,30,Shrub,Restricted,Mesic,13.143,ND,Mimosa_dasilvae,NA
340,91,Mimosa dasilvae,Mimosa dasilvae,30,Shrub,Restricted,Mesic,13.143,ND,Mimosa_dasilvae,NA
341,91,Mimosa dasilvae,Mimosa dasilvae,30,Shrub,Restricted,Mesic,13.143,ND,Mimosa_dasilvae,7.166666667
342,91,Mimosa dasilvae,Mimosa dasilvae,30,Shrub,Restricted,Mesic,13.143,ND,Mimosa_dasilvae,6.5
343,91,Mimosa dasilvae,Mimosa dasilvae,30,Shrub,Restricted,Mesic,13.143,ND,Mimosa_dasilvae,28.5
344,91,Mimosa dasilvae,Mimosa dasilvae,30,Shrub,Restricted,Mesic,13.143,ND,Mimosa_dasilvae,NA
345,91,Chelonanthus purpurascens,Chelonanthus purpurascens,25,Herb,Widespread,Mesic,0.02075,ND,Calolisianthus_purpurascens,28.25
346,91,Chelonanthus purpurascens,Chelonanthus purpurascens,25,Herb,Widespread,Mesic,0.02075,ND,Calolisianthus_purpurascens,NA
347,91,Chelonanthus purpurascens,Chelonanthus purpurascens,25,Herb,Widespread,Mesic,0.02075,ND,Calolisianthus_purpurascens,26.5
348,91,Chelonanthus purpurascens,Chelonanthus purpurascens,25,Herb,Widespread,Mesic,0.02075,ND,Calolisianthus_purpurascens,23.5
349,91,Chelonanthus purpurascens,Chelonanthus purpurascens,25,Herb,Widespread,Mesic,0.02075,ND,Calolisianthus_purpurascens,23.5
350,91,Chelonanthus purpurascens,Chelonanthus purpurascens,25,Herb,Widespread,Mesic,0.02075,ND,Calolisianthus_purpurascens,27.5
351,91,Chelonanthus purpurascens,Chelonanthus purpurascens,30,Herb,Widespread,Mesic,0.02075,ND,Calolisianthus_purpurascens,25
352,91,Chelonanthus purpurascens,Chelonanthus purpurascens,30,Herb,Widespread,Mesic,0.02075,ND,Calolisianthus_purpurascens,27.16666667
353,91,Chelonanthus purpurascens,Chelonanthus purpurascens,30,Herb,Widespread,Mesic,0.02075,ND,Calolisianthus_purpurascens,27.16666667
354,91,Chelonanthus purpurascens,Chelonanthus purpurascens,30,Herb,Widespread,Mesic,0.02075,ND,Calolisianthus_purpurascens,23.66666667
355,91,Chelonanthus purpurascens,Chelonanthus purpurascens,30,Herb,Widespread,Mesic,0.02075,ND,Calolisianthus_purpurascens,28.5
356,91,Chelonanthus purpurascens,Chelonanthus purpurascens,30,Herb,Widespread,Mesic,0.02075,ND,Calolisianthus_purpurascens,30.5
357,91,Pleroma carajasense,Pleroma carajasense,25,Shrub,Widespread,Xeric,0.081,ND,Tibouchina_riedeliana,20.5
358,91,Pleroma carajasense,Pleroma carajasense,25,Shrub,Widespread,Xeric,0.081,ND,Tibouchina_riedeliana,18
359,91,Pleroma carajasense,Pleroma carajasense,25,Shrub,Widespread,Xeric,0.081,ND,Tibouchina_riedeliana,19.5
360,91,Pleroma carajasense,Pleroma carajasense,25,Shrub,Widespread,Xeric,0.081,ND,Tibouchina_riedeliana,14.5
361,91,Pleroma carajasense,Pleroma carajasense,25,Shrub,Widespread,Xeric,0.081,ND,Tibouchina_riedeliana,18.5
362,91,Pleroma carajasense,Pleroma carajasense,25,Shrub,Widespread,Xeric,0.081,ND,Tibouchina_riedeliana,17.5
363,91,Pleroma carajasense,Pleroma carajasense,30,Shrub,Widespread,Xeric,0.081,ND,Tibouchina_riedeliana,16.5
364,91,Pleroma carajasense,Pleroma carajasense,30,Shrub,Widespread,Xeric,0.081,ND,Tibouchina_riedeliana,NA
365,91,Pleroma carajasense,Pleroma carajasense,30,Shrub,Widespread,Xeric,0.081,ND,Tibouchina_riedeliana,19.5
366,91,Pleroma carajasense,Pleroma carajasense,30,Shrub,Widespread,Xeric,0.081,ND,Tibouchina_riedeliana,22.5
367,91,Pleroma carajasense,Pleroma carajasense,30,Shrub,Widespread,Xeric,0.081,ND,Tibouchina_riedeliana,24.5
368,91,Pleroma carajasense,Pleroma carajasense,30,Shrub,Widespread,Xeric,0.081,ND,Tibouchina_riedeliana,15.5
369,91,Borreria elaiosulcata,Borreria elaiosulcata,25,Shrub,Restricted,Mesic/Xeric,0.57925,ND,Spermacoce_elaiosulcata,NA
370,91,Borreria elaiosulcata,Borreria elaiosulcata,25,Shrub,Restricted,Mesic/Xeric,0.57925,ND,Spermacoce_elaiosulcata,NA
371,91,Borreria elaiosulcata,Borreria elaiosulcata,25,Shrub,Restricted,Mesic/Xeric,0.57925,ND,Spermacoce_elaiosulcata,21.5
372,91,Borreria elaiosulcata,Borreria elaiosulcata,25,Shrub,Restricted,Mesic/Xeric,0.57925,ND,Spermacoce_elaiosulcata,NA
373,91,Borreria elaiosulcata,Borreria elaiosulcata,25,Shrub,Restricted,Mesic/Xeric,0.57925,ND,Spermacoce_elaiosulcata,28.5
374,91,Borreria elaiosulcata,Borreria elaiosulcata,25,Shrub,Restricted,Mesic/Xeric,0.57925,ND,Spermacoce_elaiosulcata,NA
375,91,Borreria elaiosulcata,Borreria elaiosulcata,30,Shrub,Restricted,Mesic/Xeric,0.57925,ND,Spermacoce_elaiosulcata,9.666666667
376,91,Borreria elaiosulcata,Borreria elaiosulcata,30,Shrub,Restricted,Mesic/Xeric,0.57925,ND,Spermacoce_elaiosulcata,8.833333333
377,91,Borreria elaiosulcata,Borreria elaiosulcata,30,Shrub,Restricted,Mesic/Xeric,0.57925,ND,Spermacoce_elaiosulcata,8.25
378,91,Borreria elaiosulcata,Borreria elaiosulcata,30,Shrub,Restricted,Mesic/Xeric,0.57925,ND,Spermacoce_elaiosulcata,8.5
379,91,Borreria elaiosulcata,Borreria elaiosulcata,30,Shrub,Restricted,Mesic/Xeric,0.57925,ND,Spermacoce_elaiosulcata,8.625
380,91,Borreria elaiosulcata,Borreria elaiosulcata,30,Shrub,Restricted,Mesic/Xeric,0.57925,ND,Spermacoce_elaiosulcata,9.428571429
381,91,Mitracarpus carajasensis,Mitracarpus carajasensis,25,Herb,Restricted,Xeric,0.11075,ND,Mitracarpus_carajasensis,26
382,91,Mitracarpus carajasensis,Mitracarpus carajasensis,25,Herb,Restricted,Xeric,0.11075,ND,Mitracarpus_carajasensis,19.75
383,91,Mitracarpus carajasensis,Mitracarpus carajasensis,25,Herb,Restricted,Xeric,0.11075,ND,Mitracarpus_carajasensis,20
384,91,Mitracarpus carajasensis,Mitracarpus carajasensis,25,Herb,Restricted,Xeric,0.11075,ND,Mitracarpus_carajasensis,27
385,91,Mitracarpus carajasensis,Mitracarpus carajasensis,25,Herb,Restricted,Xeric,0.11075,ND,Mitracarpus_carajasensis,NA
386,91,Mitracarpus carajasensis,Mitracarpus carajasensis,25,Herb,Restricted,Xeric,0.11075,ND,Mitracarpus_carajasensis,25.5
387,91,Mitracarpus carajasensis,Mitracarpus carajasensis,30,Herb,Restricted,Xeric,0.11075,ND,Mitracarpus_carajasensis,NA
388,91,Mitracarpus carajasensis,Mitracarpus carajasensis,30,Herb,Restricted,Xeric,0.11075,ND,Mitracarpus_carajasensis,17.5
389,91,Mitracarpus carajasensis,Mitracarpus carajasensis,30,Herb,Restricted,Xeric,0.11075,ND,Mitracarpus_carajasensis,19
390,91,Mitracarpus carajasensis,Mitracarpus carajasensis,30,Herb,Restricted,Xeric,0.11075,ND,Mitracarpus_carajasensis,15.5
391,91,Mitracarpus carajasensis,Mitracarpus carajasensis,30,Herb,Restricted,Xeric,0.11075,ND,Mitracarpus_carajasensis,17
392,91,Mitracarpus carajasensis,Mitracarpus carajasensis,30,Herb,Restricted,Xeric,0.11075,ND,Mitracarpus_carajasensis,17.83333333
393,91,Vellozia glauca,Vellozia glauca,25,Shrub,Widespread,Xeric,1.045,ND,Vellozia_glauca,23.5
394,91,Vellozia glauca,Vellozia glauca,25,Shrub,Widespread,Xeric,1.045,ND,Vellozia_glauca,15.75
395,91,Vellozia glauca,Vellozia glauca,25,Shrub,Widespread,Xeric,1.045,ND,Vellozia_glauca,20.5
396,91,Vellozia glauca,Vellozia glauca,25,Shrub,Widespread,Xeric,1.045,ND,Vellozia_glauca,17.75
397,91,Vellozia glauca,Vellozia glauca,25,Shrub,Widespread,Xeric,1.045,ND,Vellozia_glauca,NA
398,91,Vellozia glauca,Vellozia glauca,25,Shrub,Widespread,Xeric,1.045,ND,Vellozia_glauca,18.5
399,91,Vellozia glauca,Vellozia glauca,30,Shrub,Widespread,Xeric,1.045,ND,Vellozia_glauca,16.66666667
400,91,Vellozia glauca,Vellozia glauca,30,Shrub,Widespread,Xeric,1.045,ND,Vellozia_glauca,16.5
401,91,Vellozia glauca,Vellozia glauca,30,Shrub,Widespread,Xeric,1.045,ND,Vellozia_glauca,21.5
402,91,Vellozia glauca,Vellozia glauca,30,Shrub,Widespread,Xeric,1.045,ND,Vellozia_glauca,17
403,91,Vellozia glauca,Vellozia glauca,30,Shrub,Widespread,Xeric,1.045,ND,Vellozia_glauca,16.5
404,91,Vellozia glauca,Vellozia glauca,30,Shrub,Widespread,Xeric,1.045,ND,Vellozia_glauca,18.25
405,91,Xyris brachysepala,Xyris brachysepala,25,Herb,Restricted,Mesic,0.03125,ND,Xyris_brachysepala,15.16666667
406,91,Xyris brachysepala,Xyris brachysepala,25,Herb,Restricted,Mesic,0.03125,ND,Xyris_brachysepala,14.64285714
407,91,Xyris brachysepala,Xyris brachysepala,25,Herb,Restricted,Mesic,0.03125,ND,Xyris_brachysepala,16.75
408,91,Xyris brachysepala,Xyris brachysepala,25,Herb,Restricted,Mesic,0.03125,ND,Xyris_brachysepala,14.125
409,91,Xyris brachysepala,Xyris brachysepala,25,Herb,Restricted,Mesic,0.03125,ND,Xyris_brachysepala,15.16666667
410,91,Xyris brachysepala,Xyris brachysepala,25,Herb,Restricted,Mesic,0.03125,ND,Xyris_brachysepala,14.25
411,91,Xyris brachysepala,Xyris brachysepala,30,Herb,Restricted,Mesic,0.03125,ND,Xyris_brachysepala,NA
412,91,Xyris brachysepala,Xyris brachysepala,30,Herb,Restricted,Mesic,0.03125,ND,Xyris_brachysepala,15.5
413,91,Xyris brachysepala,Xyris brachysepala,30,Herb,Restricted,Mesic,0.03125,ND,Xyris_brachysepala,NA
414,91,Xyris brachysepala,Xyris brachysepala,30,Herb,Restricted,Mesic,0.03125,ND,Xyris_brachysepala,NA
415,91,Xyris brachysepala,Xyris brachysepala,30,Herb,Restricted,Mesic,0.03125,ND,Xyris_brachysepala,NA
416,91,Xyris brachysepala,Xyris brachysepala,30,Herb,Restricted,Mesic,0.03125,ND,Xyris_brachysepala,18.25
417,97,Collaea cipoensis,Collaea cipoensis,25,Shrub,Restricted,Mesic/Xeric,NA,ND,Collaea_cipoensis,5.666666667
418,97,Collaea cipoensis,Collaea cipoensis,25,Shrub,Restricted,Mesic/Xeric,NA,ND,Collaea_cipoensis,6.5
419,97,Collaea cipoensis,Collaea cipoensis,25,Shrub,Restricted,Mesic/Xeric,NA,ND,Collaea_cipoensis,5.7
420,97,Collaea cipoensis,Collaea cipoensis,25,Shrub,Restricted,Mesic/Xeric,NA,ND,Collaea_cipoensis,5.6
421,97,Collaea cipoensis,Collaea cipoensis,30,Shrub,Restricted,Mesic/Xeric,NA,ND,Collaea_cipoensis,5.55
422,97,Collaea cipoensis,Collaea cipoensis,30,Shrub,Restricted,Mesic/Xeric,NA,ND,Collaea_cipoensis,5.6875
423,97,Collaea cipoensis,Collaea cipoensis,30,Shrub,Restricted,Mesic/Xeric,NA,ND,Collaea_cipoensis,5.666666667
424,97,Collaea cipoensis,Collaea cipoensis,30,Shrub,Restricted,Mesic/Xeric,NA,ND,Collaea_cipoensis,3.9
425,98,Luxemburgia ciliatibracteata,Luxemburgia ciliatibracteata,25,Shrub,Restricted,Xeric,NA,ND,Luxemburgia_ciliatibracteata,15.25
426,98,Luxemburgia ciliatibracteata,Luxemburgia ciliatibracteata,25,Shrub,Restricted,Xeric,NA,ND,Luxemburgia_ciliatibracteata,18.2
427,98,Luxemburgia ciliatibracteata,Luxemburgia ciliatibracteata,25,Shrub,Restricted,Xeric,NA,ND,Luxemburgia_ciliatibracteata,17.1
428,98,Luxemburgia ciliatibracteata,Luxemburgia ciliatibracteata,25,Shrub,Restricted,Xeric,NA,ND,Luxemburgia_ciliatibracteata,15.16666667
429,98,Luxemburgia ciliatibracteata,Luxemburgia ciliatibracteata,30,Shrub,Restricted,Xeric,NA,ND,Luxemburgia_ciliatibracteata,14.4
430,98,Luxemburgia ciliatibracteata,Luxemburgia ciliatibracteata,30,Shrub,Restricted,Xeric,NA,ND,Luxemburgia_ciliatibracteata,14.6875
431,98,Luxemburgia ciliatibracteata,Luxemburgia ciliatibracteata,30,Shrub,Restricted,Xeric,NA,ND,Luxemburgia_ciliatibracteata,14.65384615
432,98,Luxemburgia ciliatibracteata,Luxemburgia ciliatibracteata,30,Shrub,Restricted,Xeric,NA,ND,Luxemburgia_ciliatibracteata,NA